id	title	brand	link	price	description	image_link	identifier_exists	availability	condition	shipping
PS-00483	Customised 70th Anniversary Gift – Personalised Word Art Print	Personalised Stuff	https://personalisedstuff.co.uk/product/wedding-anniversary-70th-print/	9.99 GBP	"A 70th Anniversary word art print shaped around a heart, built from your own words.


Digital download from £9.99, or framed up to £30.99. Free preview before you buy."	https://personalisedstuff.co.uk/wp-content/uploads/2026/04/70.jpg	no	in stock	new	GB:::3.95 GBP
PS-00479	Lighthouse Custom Print – Personalised Word Art Design	Personalised Stuff	https://personalisedstuff.co.uk/product/lighthouse-personalised-print/	9.99 GBP	"A Lighthouse word art print shaped around a lighthouse, built from your own words.


Digital download from £9.99, or framed up to £30.99. Free preview before you buy."	https://personalisedstuff.co.uk/wp-content/uploads/2025/05/lightPIC.jpg	no	in stock	new	GB:::3.95 GBP
PS-00478	Pickleball Personalised Word Art – Custom Made Print	Personalised Stuff	https://personalisedstuff.co.uk/product/pickleball-personalised-print/	9.99 GBP	"A Pickleball word art print shaped around a player mid-shot, built from your own words.


Digital download from £9.99, or framed up to £30.99. Free preview before you buy."	https://personalisedstuff.co.uk/wp-content/uploads/2025/03/pickle3.jpg	no	in stock	new	GB:::3.95 GBP
PS-00477	Personalised Skateboarder Gift – Add Your Names & Words	Personalised Stuff	https://personalisedstuff.co.uk/product/skateboard-personalised-print/	9.99 GBP	"A Skateboarder word art print (alternative design) shaped around a skater mid-trick, built from your own words.


Digital download from £9.99, or framed up to £30.99. Free preview before you buy."	https://personalisedstuff.co.uk/wp-content/uploads/2018/06/original_skateboarder.jpg	no	in stock	new	GB:::3.95 GBP
PS-00476	Personalised Shiba Inu Gift – Add Your Names & Words	Personalised Stuff	https://personalisedstuff.co.uk/product/shiba-inu-personalised-print/	9.99 GBP	"A Shiba Inu word art print built from your dog’s own name and independent streak — not a generic breed portrait.


Digital download from £9.99, or framed up to £30.99. Free preview before you buy."	https://personalisedstuff.co.uk/wp-content/uploads/2024/10/1.jpg	no	in stock	new	GB:::3.95 GBP
PS-00475	Personalised Motorbike Gift – Add Your Names & Words	Personalised Stuff	https://personalisedstuff.co.uk/product/motorbike-alternative-personalised-print/	9.99 GBP	"A Motorbike word art print (alternative design) shaped around a motorbike, built from your own words.


Digital download from £9.99, or framed up to £30.99. Free preview before you buy."	https://personalisedstuff.co.uk/wp-content/uploads/2018/03/bike3.jpg	no	in stock	new	GB:::3.95 GBP
PS-00474	Personalised House 70th Print – Custom Word Art Gift	Personalised Stuff	https://personalisedstuff.co.uk/product/house-70th-birthday-print/	9.99 GBP	"A House 70th Birthday word art print shaped around a house outline, built from your own words.


Digital download from £9.99, or framed up to £30.99. Free preview before you buy."	https://personalisedstuff.co.uk/wp-content/uploads/2024/06/house-70n.jpg	no	in stock	new	GB:::3.95 GBP
PS-00473	Custom Theatre Mask Word Art – Personalised With Your Own Words	Personalised Stuff	https://personalisedstuff.co.uk/product/theatre-mask-personalised-print/	9.99 GBP	"A Theatre Mask word art print shaped around the comedy-and-tragedy masks, built from your own words.


Digital download from £9.99, or framed up to £30.99. Free preview before you buy."	https://personalisedstuff.co.uk/wp-content/uploads/2024/05/theatre.jpg	no	in stock	new	GB:::3.95 GBP
PS-00471	Personalised Golf 90th Print – Custom Word Art Gift	Personalised Stuff	https://personalisedstuff.co.uk/product/golf-90th-birthday-print/	9.99 GBP	"A Golfer 90th Birthday word art print shaped around a golfer mid-swing, built from your own words.


Digital download from £9.99, or framed up to £30.99. Free preview before you buy."	https://personalisedstuff.co.uk/wp-content/uploads/2024/05/90th.jpg	no	in stock	new	GB:::3.95 GBP
PS-00470	Personalised Bike 49th Name Print – Custom Word Art	Personalised Stuff	https://personalisedstuff.co.uk/product/cyclist-49th-birthday-print/	9.99 GBP	"A Cyclist 49th Birthday word art print shaped around a cyclist mid-ride, built from your own words.


Digital download from £9.99, or framed up to £30.99. Free preview before you buy."	https://personalisedstuff.co.uk/wp-content/uploads/2024/03/49th.jpg	no	in stock	new	GB:::3.95 GBP
PS-00469	Custom Of a Female Cyclist 60th Print, Personalised With Your Words	Personalised Stuff	https://personalisedstuff.co.uk/product/female-cyclist-60th-birthday-print/	9.99 GBP	"A Female Cyclist 60th Birthday word art print shaped around a cyclist mid-ride, built from your own words.


Digital download from £9.99, or framed up to £30.99. Free preview before you buy."	https://personalisedstuff.co.uk/wp-content/uploads/2024/02/bike-60th.png	no	in stock	new	GB:::3.95 GBP
PS-00467	Personalised Skeleton Name Print – Custom Word Art	Personalised Stuff	https://personalisedstuff.co.uk/product/skeleton-personalised-print/	9.99 GBP	"A Skeleton word art print shaped around a skeleton outline, built from your own words.


Digital download from £9.99, or framed up to £30.99. Free preview before you buy."	https://personalisedstuff.co.uk/wp-content/uploads/2024/01/skel1.jpg	no	in stock	new	GB:::3.95 GBP
PS-00465	Dad with Two Sons Personalised Word Art – Custom Made Print	Personalised Stuff	https://personalisedstuff.co.uk/product/dad-with-two-sons-personalised-print/	9.99 GBP	"A Dad with Two Sons word art print shaped around a father and two sons, built from your own words.


Digital download from £9.99, or framed up to £30.99. Free preview before you buy."	https://personalisedstuff.co.uk/wp-content/uploads/2022/10/family.jpg	no	in stock	new	GB:::3.95 GBP
PS-00464	Personalised Footballer 18th Word Art – Customised With Your Words	Personalised Stuff	https://personalisedstuff.co.uk/product/footballer-18th-birthday-print/	9.99 GBP	"A Footballer 18th Birthday word art print shaped around a player mid-kick, built from your own words.


Digital download from £9.99, or framed up to £30.99. Free preview before you buy."	https://personalisedstuff.co.uk/wp-content/uploads/2023/01/18football.jpg	no	in stock	new	GB:::3.95 GBP
PS-00463	Custom Rugby Female Print, Personalised With Your Words	Personalised Stuff	https://personalisedstuff.co.uk/product/female-rugby-player-personalised-print/	9.99 GBP	"A Women’s Rugby word art print shaped around a player mid-tackle, built from your own words.


Digital download from £9.99, or framed up to £30.99. Free preview before you buy."	https://personalisedstuff.co.uk/wp-content/uploads/2022/11/girlrug.jpg	no	in stock	new	GB:::3.95 GBP
PS-00462	Custom Yoga 60th Print, Personalised With Your Words	Personalised Stuff	https://personalisedstuff.co.uk/product/yoga-60th-birthday-print/	9.99 GBP	"A Yoga 60th Birthday word art print shaped around a yoga pose, built from your own words.


Digital download from £9.99, or framed up to £30.99. Free preview before you buy."	https://personalisedstuff.co.uk/wp-content/uploads/2022/10/60-1.jpg	no	in stock	new	GB:::3.95 GBP
PS-00461	Las Vegas Custom Print – Personalised Word Art Design	Personalised Stuff	https://personalisedstuff.co.uk/product/las-vegas-personalised-print/	9.99 GBP	"A Las Vegas word art print shaped around the Las Vegas sign, built from your own words.


Digital download from £9.99, or framed up to £30.99. Free preview before you buy."	https://personalisedstuff.co.uk/wp-content/uploads/2022/10/vegasn.jpg	no	in stock	new	GB:::3.95 GBP
PS-00460	Dad with Son and Daughter Custom Print – Personalised Word Art Design	Personalised Stuff	https://personalisedstuff.co.uk/product/personalised-dad-son-daughter-print/	9.99 GBP	"A word art print built from your family’s own names and words — dad, kids, and the things that make them yours, not a generic “World’s Best Dad” print.


Digital download from £9.99, or framed up to £30.99. Free preview before you buy."	https://personalisedstuff.co.uk/wp-content/uploads/2022/10/family.jpg	no	in stock	new	GB:::3.95 GBP
PS-00459	Custom Labrador Head Word Art – Personalised With Your Own Words	Personalised Stuff	https://personalisedstuff.co.uk/product/labrador-head-print/	9.99 GBP	"A Labrador head print built from your dog’s own name — a head-and-shoulders alternative to the full-body design.


Digital download from £9.99, or framed up to £30.99. Free preview before you buy."	https://personalisedstuff.co.uk/wp-content/uploads/2022/08/L3.jpg	no	in stock	new	GB:::3.95 GBP
PS-00458	Personalised Labrador Word Art – Customised With Your Words	Personalised Stuff	https://personalisedstuff.co.uk/product/labrador-word-print/	9.99 GBP	"A Labrador word print built from your dog’s own name — a simpler alternative to the full silhouette design.


Digital download from £9.99, or framed up to £30.99. Free preview before you buy."	https://personalisedstuff.co.uk/wp-content/uploads/2022/08/lab-white1.jpg	no	in stock	new	GB:::3.95 GBP
PS-00457	Personalised Cricket 70th Word Art – Customised With Your Words	Personalised Stuff	https://personalisedstuff.co.uk/product/cricket-70th-birthday-print/	9.99 GBP	"A Cricket 70th Birthday word art print shaped around a batter mid-shot, built from your own words.


Digital download from £9.99, or framed up to £30.99. Free preview before you buy."	https://personalisedstuff.co.uk/wp-content/uploads/2022/07/70a.jpg	no	in stock	new	GB:::3.95 GBP
PS-00456	Personalised Golf 30th Birthday Word Art Gift – Made For You	Personalised Stuff	https://personalisedstuff.co.uk/product/golf-30th-birthday-personalised-print/	9.99 GBP	"A Golfer 30th Birthday word art print (alternative design) built from your own words.


Digital download from £9.99, or framed up to £30.99. Free preview before you buy."	https://personalisedstuff.co.uk/wp-content/uploads/2022/07/wa155_golf_30th_multi.jpg	no	in stock	new	GB:::3.95 GBP
PS-00455	Personalised Yoga Wall Art – Custom Made With Your Words	Personalised Stuff	https://personalisedstuff.co.uk/product/yoga-personalised-print/	9.99 GBP	"A Yoga word art print shaped around a yoga pose, built from your own words.


Digital download from £9.99, or framed up to £30.99. Free preview before you buy."	https://personalisedstuff.co.uk/wp-content/uploads/2018/03/yoga3.jpg	no	in stock	new	GB:::3.95 GBP
PS-00454	Golf 60th Birthday Custom Print – Personalised Word Art Design	Personalised Stuff	https://personalisedstuff.co.uk/product/golf-60th-birthday-personalised-print/	9.99 GBP	"A Golfer 60th Birthday word art print (alternative design) built from your own words.


Digital download from £9.99, or framed up to £30.99. Free preview before you buy."	https://personalisedstuff.co.uk/wp-content/uploads/2017/11/60th.jpg	no	in stock	new	GB:::3.95 GBP
PS-00453	Customised Netball 40th Gift – Personalised Word Art Print	Personalised Stuff	https://personalisedstuff.co.uk/product/netball-40th-birthday-print/	9.99 GBP	"A Netball 40th Birthday word art print shaped around a player mid-shot, built from your own words.


Digital download from £9.99, or framed up to £30.99. Free preview before you buy."	https://personalisedstuff.co.uk/wp-content/uploads/2022/05/40net.jpg	no	in stock	new	GB:::3.95 GBP
PS-00452	Personalised Football — Red Clubs Print – Custom Word Art Gift	Personalised Stuff	https://personalisedstuff.co.uk/product/football-red-clubs-print/	9.99 GBP	"A Football word art print in red club colours, built from your own words.


Digital download from £9.99, or framed up to £30.99. Free preview before you buy."	https://personalisedstuff.co.uk/wp-content/uploads/2018/03/football2.jpg	no	in stock	new	GB:::3.95 GBP
PS-00450	Personalised Whale Word Art – Customised With Your Words	Personalised Stuff	https://personalisedstuff.co.uk/product/whale-personalised-print/	9.99 GBP	"A Whale word art print shaped around a whale, built from your own words.


Digital download from £9.99, or framed up to £30.99. Free preview before you buy."	https://personalisedstuff.co.uk/wp-content/uploads/2022/05/whale1.jpg	no	in stock	new	GB:::3.95 GBP
PS-00449	Personalised Guitar 60th Word Art – Customised With Your Words	Personalised Stuff	https://personalisedstuff.co.uk/product/guitar-60th-birthday-print/	9.99 GBP	"A Guitar 60th Birthday word art print shaped around a guitar, built from your own words.


Digital download from £9.99, or framed up to £30.99. Free preview before you buy."	https://personalisedstuff.co.uk/wp-content/uploads/2022/04/guitar-60.jpg	no	in stock	new	GB:::3.95 GBP
PS-00448	Custom Electric Guitar 50th Word Art – Personalised With Your Own Words	Personalised Stuff	https://personalisedstuff.co.uk/product/electric-guitar-50th-birthday-print/	9.99 GBP	"An Electric Guitar 50th Birthday word art print shaped around an electric guitar, built from your own words.


Digital download from £9.99, or framed up to £30.99. Free preview before you buy."	https://personalisedstuff.co.uk/wp-content/uploads/2022/04/guitar-50.jpg	no	in stock	new	GB:::3.95 GBP
PS-00447	Personalised Electric Guitar 30th Name Print – Custom Word Art	Personalised Stuff	https://personalisedstuff.co.uk/product/electric-guitar-30th-birthday-print/	9.99 GBP	"An Electric Guitar 30th Birthday word art print shaped around an electric guitar, built from your own words.


Digital download from £9.99, or framed up to £30.99. Free preview before you buy."	https://personalisedstuff.co.uk/wp-content/uploads/2022/04/guitar-30.jpg	no	in stock	new	GB:::3.95 GBP
PS-00446	Custom Scotland Print, Personalised With Your Words	Personalised Stuff	https://personalisedstuff.co.uk/product/scotland-map-personalised-print/	9.99 GBP	"A Scotland word art print shaped around the country’s outline, built from your own words.


Digital download from £9.99, or framed up to £30.99. Free preview before you buy."	https://personalisedstuff.co.uk/wp-content/uploads/2022/04/Scotland-word-art-print.jpg	no	in stock	new	GB:::3.95 GBP
PS-00445	Hockey Custom Print – Personalised Word Art Design	Personalised Stuff	https://personalisedstuff.co.uk/product/hockey-player-personalised-print/	9.99 GBP	"A Hockey word art print shaped around a player mid-hit, built from your own words.


Digital download from £9.99, or framed up to £30.99. Free preview before you buy."	https://personalisedstuff.co.uk/wp-content/uploads/2022/04/hockey.jpg	no	in stock	new	GB:::3.95 GBP
PS-00442	Personalised Unique Netball 18th Name Print – Custom Word Art	Personalised Stuff	https://personalisedstuff.co.uk/product/netball-18th-birthday-print/	9.99 GBP	"A Netball 18th Birthday word art print shaped around a player mid-shot, built from your own words.


Digital download from £9.99, or framed up to £30.99. Free preview before you buy."	https://personalisedstuff.co.uk/wp-content/uploads/2022/02/netball-c-copy.jpg	no	in stock	new	GB:::3.95 GBP
PS-00441	Fishing 40th Custom Print – Personalised Word Art Design	Personalised Stuff	https://personalisedstuff.co.uk/product/fishing-40th-birthday-print/	9.99 GBP	"A Fishing 40th Birthday word art print shaped around an angler mid-cast, built from your own words.


Digital download from £9.99, or framed up to £30.99. Free preview before you buy."	https://personalisedstuff.co.uk/wp-content/uploads/2018/06/40_FISHERMAN.jpg	no	in stock	new	GB:::3.95 GBP
PS-00439	Personalised Squash Player Gift – Add Your Names & Words	Personalised Stuff	https://personalisedstuff.co.uk/product/squash-player-personalised-print/	9.99 GBP	"A Squash Player word art print shaped around a player mid-shot, built from your own words.


Digital download from £9.99, or framed up to £30.99. Free preview before you buy."	https://personalisedstuff.co.uk/wp-content/uploads/2019/09/xa1001_squash-player_blue-scaled.jpg	no	in stock	new	GB:::3.95 GBP
PS-00438	Personalised Water Skiing Gift – Add Your Names & Words	Personalised Stuff	https://personalisedstuff.co.uk/product/water-skier-personalised-print/	9.99 GBP	"A Water Skiing word art print shaped around a skier in motion, built from your own words.


Digital download from £9.99, or framed up to £30.99. Free preview before you buy."	https://personalisedstuff.co.uk/wp-content/uploads/2019/09/xa1002_water-skiing_blue-scaled.jpg	no	in stock	new	GB:::3.95 GBP
PS-00437	Female Bowler Custom Print – Personalised Word Art Design	Personalised Stuff	https://personalisedstuff.co.uk/product/female-bowler-word-art-print/	9.99 GBP	"A Female Bowler word art print (alternative design) shaped around a bowler mid-release, built from your own words.


Digital download from £9.99, or framed up to £30.99. Free preview before you buy."	https://personalisedstuff.co.uk/wp-content/uploads/2021/06/female.jpg	no	in stock	new	GB:::3.95 GBP
PS-00436	Personalised Chess Rook Print – Custom Word Art Gift	Personalised Stuff	https://personalisedstuff.co.uk/product/chess-rook-personalised-print/	9.99 GBP	"A Chess Rook word art print shaped around a chess rook, built from your own words.


Digital download from £9.99, or framed up to £30.99. Free preview before you buy."	https://personalisedstuff.co.uk/wp-content/uploads/2021/02/rookf.jpg	no	in stock	new	GB:::3.95 GBP
PS-00435	Custom Chess Knight Print, Personalised With Your Words	Personalised Stuff	https://personalisedstuff.co.uk/product/chess-knight-personalised-print/	9.99 GBP	"A Chess Knight word art print shaped around a chess knight, built from your own words.


Digital download from £9.99, or framed up to £30.99. Free preview before you buy."	https://personalisedstuff.co.uk/wp-content/uploads/2021/02/chess_knight_pwf.jpg	no	in stock	new	GB:::3.95 GBP
PS-00434	Customised Chess Pawn Gift – Personalised Word Art Print	Personalised Stuff	https://personalisedstuff.co.uk/product/chess-pawn-personalised-print/	9.99 GBP	"A Chess Pawn word art print shaped around a chess pawn, built from your own words.


Digital download from £9.99, or framed up to £30.99. Free preview before you buy."	https://personalisedstuff.co.uk/wp-content/uploads/2021/02/chess_pawn_wpf.jpg	no	in stock	new	GB:::3.95 GBP
PS-00433	Personalised F1 Racing Car Name Print – Custom Word Art	Personalised Stuff	https://personalisedstuff.co.uk/product/f1-car-third-personalised-print/	9.99 GBP	"An F1 Racing Car word art print (alternative design) shaped around an F1 car, built from your own words.


Digital download from £9.99, or framed up to £30.99. Free preview before you buy."	https://personalisedstuff.co.uk/wp-content/uploads/2019/09/xa1016_F1-RACING_blue-scaled.jpg	no	in stock	new	GB:::3.95 GBP
PS-00432	Personalised Shuttle Cock Gift – Add Your Names & Words	Personalised Stuff	https://personalisedstuff.co.uk/product/shuttlecock-personalised-print/	9.99 GBP	"A Shuttlecock word art print shaped around a shuttlecock, built from your own words.


Digital download from £9.99, or framed up to £30.99. Free preview before you buy."	https://personalisedstuff.co.uk/wp-content/uploads/2021/02/shuttle-cockf.jpg	no	in stock	new	GB:::3.95 GBP
PS-00431	Dart Custom Print – Personalised Word Art Design	Personalised Stuff	https://personalisedstuff.co.uk/product/dart-personalised-print/	9.99 GBP	"A Dart word art print shaped around a dart, built from your own words.


Digital download from £9.99, or framed up to £30.99. Free preview before you buy."	https://personalisedstuff.co.uk/wp-content/uploads/2021/01/dart_pwf-2-scaled.jpg	no	in stock	new	GB:::3.95 GBP
PS-00430	Customised Cat Print – Personalised Word Art Gift	Personalised Stuff	https://personalisedstuff.co.uk/product/cat-third-personalised-print/	9.99 GBP	"A Cat word art print (alternative design) shaped around a cat, built from your own words.


Digital download from £9.99, or framed up to £30.99. Free preview before you buy."	https://personalisedstuff.co.uk/wp-content/uploads/2021/01/cat_pwwframe-1-scaled.jpg	no	in stock	new	GB:::3.95 GBP
PS-00429	Custom Hedgehog Print, Personalised With Your Words	Personalised Stuff	https://personalisedstuff.co.uk/product/hedgehog-personalised-print/	9.99 GBP	"A Hedgehog word art print shaped around a hedgehog, built from your own words.


Digital download from £9.99, or framed up to £30.99. Free preview before you buy."	https://personalisedstuff.co.uk/wp-content/uploads/2021/01/hedgehog_pwf-scaled.jpg	no	in stock	new	GB:::3.95 GBP
PS-00428	Customised Curling Stone Gift – Personalised Word Art Print	Personalised Stuff	https://personalisedstuff.co.uk/product/curling-stone-personalised-print/	9.99 GBP	"A Curling Stone word art print shaped around a curling stone, built from your own words.


Digital download from £9.99, or framed up to £30.99. Free preview before you buy."	https://personalisedstuff.co.uk/wp-content/uploads/2020/12/Curling_stone_pwframe-scaled.jpg	no	in stock	new	GB:::3.95 GBP
PS-00427	Personalised Ten Pin Bowling Word Art – Customised With Your Words	Personalised Stuff	https://personalisedstuff.co.uk/product/ten-pin-bowling-personalised-print/	9.99 GBP	"A Ten Pin Bowling word art print shaped around a bowling pin, built from your own words.


Digital download from £9.99, or framed up to £30.99. Free preview before you buy."	https://personalisedstuff.co.uk/wp-content/uploads/2020/12/ten-pin-bowling_pwframe.jpg	no	in stock	new	GB:::3.95 GBP
PS-00426	Personalised Digital Camera Name Print – Custom Word Art	Personalised Stuff	https://personalisedstuff.co.uk/product/digital-camera-personalised-print/	9.99 GBP	"A Digital Camera word art print shaped around a camera, built from your own words.


Digital download from £9.99, or framed up to £30.99. Free preview before you buy."	https://personalisedstuff.co.uk/wp-content/uploads/2020/12/digital-camera_pwframe-scaled.jpg	no	in stock	new	GB:::3.95 GBP
PS-00425	Personalised Dolphins Word Art – Customised With Your Words	Personalised Stuff	https://personalisedstuff.co.uk/product/dolphins-pair-personalised-print/	9.99 GBP	"A Dolphins word art print shaped around a pair of dolphins, built from your own words.


Digital download from £9.99, or framed up to £30.99. Free preview before you buy."	https://personalisedstuff.co.uk/wp-content/uploads/2020/12/dolpins_pwrame.jpg	no	in stock	new	GB:::3.95 GBP
PS-00424	Customised Running Shoe Gift – Personalised Word Art Print	Personalised Stuff	https://personalisedstuff.co.uk/product/running-shoe-personalised-print/	9.99 GBP	"A Running Shoe word art print shaped around a running shoe, built from your own words.


Digital download from £9.99, or framed up to £30.99. Free preview before you buy."	https://personalisedstuff.co.uk/wp-content/uploads/2020/12/running-shoes_pwframe.jpg	no	in stock	new	GB:::3.95 GBP
PS-00423	Personalised Goalkeeper Wall Art – Custom Made With Your Words	Personalised Stuff	https://personalisedstuff.co.uk/product/goalkeeper-personalised-print/	9.99 GBP	"A Goalkeeper word art print shaped around a keeper mid-save, built from your own words.


Digital download from £9.99, or framed up to £30.99. Free preview before you buy."	https://personalisedstuff.co.uk/wp-content/uploads/2020/10/landscape-templateblack.jpg	no	in stock	new	GB:::3.95 GBP
PS-00421	Of a Hiker Personalised Word Art – Custom Made Print	Personalised Stuff	https://personalisedstuff.co.uk/product/hiker-personalised-print/	9.99 GBP	"A Hiker word art print shaped around a hiker mid-stride, built from your own words.


Digital download from £9.99, or framed up to £30.99. Free preview before you buy."	https://personalisedstuff.co.uk/wp-content/uploads/2019/09/wb1006_HIKER_multi-scaled.jpg	no	in stock	new	GB:::3.95 GBP
PS-00420	Personalised Football Boot Wall Art – Custom Made With Your Words	Personalised Stuff	https://personalisedstuff.co.uk/product/football-boot-personalised-print/	9.99 GBP	"A Football Boot word art print shaped around a football boot, built from your own words.


Digital download from £9.99, or framed up to £30.99. Free preview before you buy."	https://personalisedstuff.co.uk/wp-content/uploads/2020/10/footboot_frame.jpg	no	in stock	new	GB:::3.95 GBP
PS-00419	Custom Of a Rose Print, Personalised With Your Words	Personalised Stuff	https://personalisedstuff.co.uk/product/rose-personalised-print/	9.99 GBP	"A Rose word art print shaped around a rose, built from your own words.


Digital download from £9.99, or framed up to £30.99. Free preview before you buy."	https://personalisedstuff.co.uk/wp-content/uploads/2020/10/Rose_blackframe.jpg	no	in stock	new	GB:::3.95 GBP
PS-00418	Personalised Of a Male Tennis Player Word Art Gift – Made For You	Personalised Stuff	https://personalisedstuff.co.uk/product/male-tennis-player-personalised-print/	9.99 GBP	"A Male Tennis Player word art print shaped around a player mid-serve, built from your own words.


Digital download from £9.99, or framed up to £30.99. Free preview before you buy."	https://personalisedstuff.co.uk/wp-content/uploads/2020/10/tennis_player_boy_fream.jpg	no	in stock	new	GB:::3.95 GBP
PS-00417	Personalised Of a Female Tennis Player Wall Art – Custom Made With Your Words	Personalised Stuff	https://personalisedstuff.co.uk/product/female-tennis-player-personalised-print/	9.99 GBP	"A Female Tennis Player word art print shaped around a player mid-serve, built from your own words.


Digital download from £9.99, or framed up to £30.99. Free preview before you buy."	https://personalisedstuff.co.uk/wp-content/uploads/2020/10/tennis_player-girl_frame.jpg	no	in stock	new	GB:::3.95 GBP
PS-00416	Of a Glass Wine Personalised Word Art – Custom Made Print	Personalised Stuff	https://personalisedstuff.co.uk/product/wine-glass-gift-personalised-print/	9.99 GBP	"A Wine Glass word art print (alternative design) shaped around a glass of wine, built from your own words.


Digital download from £9.99, or framed up to £30.99. Free preview before you buy."	https://personalisedstuff.co.uk/wp-content/uploads/2020/09/glass.jpg	no	in stock	new	GB:::3.95 GBP
PS-00415	Custom Of a Female Bowler Print, Personalised With Your Words	Personalised Stuff	https://personalisedstuff.co.uk/product/female-bowler-personalised-print/	9.99 GBP	"A Female Bowler word art print shaped around a bowler mid-release, built from your own words.


Digital download from £9.99, or framed up to £30.99. Free preview before you buy."	https://personalisedstuff.co.uk/wp-content/uploads/2020/09/fbow.png	no	in stock	new	GB:::3.95 GBP
PS-00414	Customised Of a Female Cyclist Print – Personalised Word Art Gift	Personalised Stuff	https://personalisedstuff.co.uk/product/female-cyclist-personalised-print/	9.99 GBP	"A Female Cyclist word art print shaped around a cyclist mid-ride, built from your own words.


Digital download from £9.99, or framed up to £30.99. Free preview before you buy."	https://personalisedstuff.co.uk/wp-content/uploads/2020/09/female_cyclistframe.jpg	no	in stock	new	GB:::3.95 GBP
PS-00413	Personalised Of a Skate Shoe Word Art – Customised With Your Words	Personalised Stuff	https://personalisedstuff.co.uk/product/skate-shoe-personalised-print/	9.99 GBP	"A Skate Shoe word art print shaped around a skate shoe, built from your own words.


Digital download from £9.99, or framed up to £30.99. Free preview before you buy."	https://personalisedstuff.co.uk/wp-content/uploads/2020/09/ice-skating-shoeframe.jpg	no	in stock	new	GB:::3.95 GBP
PS-00412	Custom Of a Female Golfer Word Art – Personalised With Your Own Words	Personalised Stuff	https://personalisedstuff.co.uk/product/female-golfer-personalised-print/	9.99 GBP	"A Female Golfer word art print shaped around a golfer mid-swing, built from your own words.


Digital download from £9.99, or framed up to £30.99. Free preview before you buy."	https://personalisedstuff.co.uk/wp-content/uploads/2020/09/female_golferframe.jpg	no	in stock	new	GB:::3.95 GBP
PS-00411	Personalised Of a Statue of Liberty Wall Art – Custom Made With Your Words	Personalised Stuff	https://personalisedstuff.co.uk/product/statue-of-liberty-personalised-print/	9.99 GBP	"A Statue of Liberty word art print shaped around the statue, built from your own words.


Digital download from £9.99, or framed up to £30.99. Free preview before you buy."	https://personalisedstuff.co.uk/wp-content/uploads/2020/08/statue-of-liberty_frame.jpg	no	in stock	new	GB:::3.95 GBP
PS-00410	Custom Of a Bowling Player Print, Personalised With Your Words	Personalised Stuff	https://personalisedstuff.co.uk/product/bowling-player-personalised-print/	9.99 GBP	"A Bowling word art print (alternative design) shaped around a bowler mid-release, built from your own words.


Digital download from £9.99, or framed up to £30.99. Free preview before you buy."	https://personalisedstuff.co.uk/wp-content/uploads/2020/08/bowling_frame.jpg	no	in stock	new	GB:::3.95 GBP
PS-00409	Personalised Of a Paintball Player Word Art – Customised With Your Words	Personalised Stuff	https://personalisedstuff.co.uk/product/paintball-player-personalised-print/	9.99 GBP	"A Paintball word art print shaped around a player mid-shot, built from your own words.


Digital download from £9.99, or framed up to £30.99. Free preview before you buy."	https://personalisedstuff.co.uk/wp-content/uploads/2020/08/paintball_frame.jpg	no	in stock	new	GB:::3.95 GBP
PS-00408	Personalised Of UK Map Word Art Gift – Made For You	Personalised Stuff	https://personalisedstuff.co.uk/product/uk-map-personalised-print/	9.99 GBP	"A UK Map word art print shaped around the outline of the UK, built from your own words.


Digital download from £9.99, or framed up to £30.99. Free preview before you buy."	https://personalisedstuff.co.uk/wp-content/uploads/2020/08/UK2map_WPRINT_frane.jpeg	no	in stock	new	GB:::3.95 GBP
PS-00407	Personalised Of Tennis Ball Word Art Gift – Made For You	Personalised Stuff	https://personalisedstuff.co.uk/product/tennis-ball-personalised-print/	9.99 GBP	"A Tennis Ball word art print shaped around a tennis ball, built from your own words.


Digital download from £9.99, or framed up to £30.99. Free preview before you buy."	https://personalisedstuff.co.uk/wp-content/uploads/2020/07/tennis-ballFRAME.jpeg	no	in stock	new	GB:::3.95 GBP
PS-00406	Of Golfball Personalised Word Art – Custom Made Print	Personalised Stuff	https://personalisedstuff.co.uk/product/golf-ball-personalised-print/	9.99 GBP	"A Golf Ball word art print shaped around a golf ball, built from your own words.


Digital download from £9.99, or framed up to £30.99. Free preview before you buy."	https://personalisedstuff.co.uk/wp-content/uploads/2020/07/golfballFRAME.jpeg	no	in stock	new	GB:::3.95 GBP
PS-00405	Personalised Of Basketball Word Art – Customised With Your Words	Personalised Stuff	https://personalisedstuff.co.uk/product/basketball-ball-personalised-print/	9.99 GBP	"A Basketball word art print shaped around a basketball, built from your own words.


Digital download from £9.99, or framed up to £30.99. Free preview before you buy."	https://personalisedstuff.co.uk/wp-content/uploads/2020/07/basketballframe.jpeg	no	in stock	new	GB:::3.95 GBP
PS-00404	Personalised Muay Thai Name Print – Custom Word Art	Personalised Stuff	https://personalisedstuff.co.uk/product/muay-thai-personalised-print/	9.99 GBP	"A Muay Thai word art print shaped around a fighter mid-strike, built from your own words.


Digital download from £9.99, or framed up to £30.99. Free preview before you buy."	https://personalisedstuff.co.uk/wp-content/uploads/2020/07/muayf.jpg	no	in stock	new	GB:::3.95 GBP
PS-00402	Personalised Boxer Wall Art – Custom Made With Your Words	Personalised Stuff	https://personalisedstuff.co.uk/product/boxer-figure-personalised-print/	9.99 GBP	"A Boxing word art print (alternative design) shaped around a boxer mid-punch, built from your own words.


Digital download from £9.99, or framed up to £30.99. Free preview before you buy."	https://personalisedstuff.co.uk/wp-content/uploads/2019/09/xa1013_BOXER_orange-scaled.jpg	no	in stock	new	GB:::3.95 GBP
PS-00401	Personalised Biker Name Print – Custom Word Art	Personalised Stuff	https://personalisedstuff.co.uk/product/motorbiker-personalised-print/	9.99 GBP	"A Biker word art print shaped around a rider in motion, built from your own words.


Digital download from £9.99, or framed up to £30.99. Free preview before you buy."	https://personalisedstuff.co.uk/wp-content/uploads/2020/07/twelve_frame.jpg	no	in stock	new	GB:::3.95 GBP
PS-00400	Personalised Mountain Bike Rider Word Art Gift – Made For You	Personalised Stuff	https://personalisedstuff.co.uk/product/mountain-biker-personalised-print/	9.99 GBP	"A Mountain Bike Rider word art print shaped around a rider mid-jump, built from your own words.


Digital download from £9.99, or framed up to £30.99. Free preview before you buy."	https://personalisedstuff.co.uk/wp-content/uploads/2020/07/mount2.jpg	no	in stock	new	GB:::3.95 GBP
PS-00399	Graduation Hats Custom Print – Personalised Word Art Design	Personalised Stuff	https://personalisedstuff.co.uk/product/graduation-caps-thrown-personalised-print/	9.99 GBP	"A Graduation Hats word art print shaped around thrown caps, built from your own words.


Digital download from £9.99, or framed up to £30.99. Free preview before you buy."	https://personalisedstuff.co.uk/wp-content/uploads/2020/06/grad-3.jpg	no	in stock	new	GB:::3.95 GBP
PS-00397	Yin Yang Personalised Word Art – Custom Made Print	Personalised Stuff	https://personalisedstuff.co.uk/product/yin-yang-personalised-print/	9.99 GBP	"A Yin Yang word art print shaped around the yin yang symbol, built from your own words.


Digital download from £9.99, or framed up to £30.99. Free preview before you buy."	https://personalisedstuff.co.uk/wp-content/uploads/2020/06/Ying_yang.jpg	no	in stock	new	GB:::3.95 GBP
PS-00396	Personalised Masonic Wall Art – Custom Made With Your Words	Personalised Stuff	https://personalisedstuff.co.uk/product/masonic-personalised-print/	9.99 GBP	"A Masonic word art print shaped around the square and compasses symbol, built from your own words.


Digital download from £9.99, or framed up to £30.99. Free preview before you buy."	https://personalisedstuff.co.uk/wp-content/uploads/2020/06/Mansory.jpg	no	in stock	new	GB:::3.95 GBP
PS-00395	Personalised Whippet Wall Art – Custom Made With Your Words	Personalised Stuff	https://personalisedstuff.co.uk/product/whippet-personalised-print/	9.99 GBP	"A Whippet word art print built from your dog’s own name and quiet energy — not a generic breed portrait.


Digital download from £9.99, or framed up to £30.99. Free preview before you buy."	https://personalisedstuff.co.uk/wp-content/uploads/2020/05/50_whippetframe-scaled.jpeg	no	in stock	new	GB:::3.95 GBP
PS-00394	Graduation Man Custom Print – Personalised Word Art Design	Personalised Stuff	https://personalisedstuff.co.uk/product/graduate-man-personalised-print/	9.99 GBP	"A Graduation word art print shaped around a graduate in cap and gown, built from your own words.


Digital download from £9.99, or framed up to £30.99. Free preview before you buy."	https://personalisedstuff.co.uk/wp-content/uploads/2020/05/grad.jpg	no	in stock	new	GB:::3.95 GBP
PS-00392	Customised Sports Car Gift – Personalised Word Art Print	Personalised Stuff	https://personalisedstuff.co.uk/product/sports-car-personalised-print/	9.99 GBP	"A Sports Car word art print shaped around a sports car, built from your own words.


Digital download from £9.99, or framed up to £30.99. Free preview before you buy."	https://personalisedstuff.co.uk/wp-content/uploads/2020/04/car_auto_sports_frame-scaled.jpeg	no	in stock	new	GB:::3.95 GBP
PS-00390	Horse Riding 40th Personalised Word Art – Custom Made Print	Personalised Stuff	https://personalisedstuff.co.uk/product/horse-riding-40th-birthday-print/	9.99 GBP	"A Horse Riding 40th Birthday word art print shaped around a horse and rider, built from your own words.


Digital download from £9.99, or framed up to £30.99. Free preview before you buy."	https://personalisedstuff.co.uk/wp-content/uploads/2020/04/horse-40.jpg	no	in stock	new	GB:::3.95 GBP
PS-00389	Horse 21st Personalised Word Art – Custom Made Print	Personalised Stuff	https://personalisedstuff.co.uk/product/horse-21st-birthday-print/	9.99 GBP	"A Horse 21st Birthday word art print shaped around a horse and rider, built from your own words.


Digital download from £9.99, or framed up to £30.99. Free preview before you buy."	https://personalisedstuff.co.uk/wp-content/uploads/2020/04/21frame.jpg	no	in stock	new	GB:::3.95 GBP
PS-00386	Personalised Helicopter Wall Art – Custom Made With Your Words	Personalised Stuff	https://personalisedstuff.co.uk/product/helicopter-personalised-print/	9.99 GBP	"A Helicopter word art print shaped around a helicopter, built from your own words.


Digital download from £9.99, or framed up to £30.99. Free preview before you buy."	https://personalisedstuff.co.uk/wp-content/uploads/2019/09/xa1009_HELICOPTER_multi-1-scaled.jpg	no	in stock	new	GB:::3.95 GBP
PS-00385	Customised Fisherman Present Gift – Personalised Word Art Print	Personalised Stuff	https://personalisedstuff.co.uk/product/fisherman-present-personalised-print/	9.99 GBP	"A Fisherman word art print (alternative design) shaped around an angler mid-cast, built from your own words.


Digital download from £9.99, or framed up to £30.99. Free preview before you buy."	https://personalisedstuff.co.uk/wp-content/uploads/2020/01/fisherman-2.jpg	no	in stock	new	GB:::3.95 GBP
PS-00384	Personalised Eagle Print – Custom Word Art Gift	Personalised Stuff	https://personalisedstuff.co.uk/product/eagle-personalised-print/	9.99 GBP	"An Eagle word art print shaped around an eagle, built from your own words.


Digital download from £9.99, or framed up to £30.99. Free preview before you buy."	https://personalisedstuff.co.uk/wp-content/uploads/2019/12/eagle.jpeg	no	in stock	new	GB:::3.95 GBP
PS-00383	Custom Phoenix Print, Personalised With Your Words	Personalised Stuff	https://personalisedstuff.co.uk/product/phoenix-personalised-print/	9.99 GBP	"A Phoenix word art print shaped around a phoenix, built from your own words.


Digital download from £9.99, or framed up to £30.99. Free preview before you buy."	https://personalisedstuff.co.uk/wp-content/uploads/2019/12/phoenix2.jpeg	no	in stock	new	GB:::3.95 GBP
PS-00382	Personalised Horse 40th Wall Art – Custom Made With Your Words	Personalised Stuff	https://personalisedstuff.co.uk/product/horse-40th-birthday-print/	9.99 GBP	"A Horse 40th Birthday word art print shaped around a horse and rider, built from your own words.


Digital download from £9.99, or framed up to £30.99. Free preview before you buy."	https://personalisedstuff.co.uk/wp-content/uploads/2019/12/horsestanding2.jpg	no	in stock	new	GB:::3.95 GBP
PS-00381	Personalised Daddy and Baby Wall Art – Custom Made With Your Words	Personalised Stuff	https://personalisedstuff.co.uk/product/daddy-and-baby-personalised-print/	9.99 GBP	"A Daddy and Baby word art print (alternative design) shaped around a father and baby, built from your own words.


Digital download from £9.99, or framed up to £30.99. Free preview before you buy."	https://personalisedstuff.co.uk/wp-content/uploads/2019/12/dad-and-baby.jpeg	no	in stock	new	GB:::3.95 GBP
PS-00380	Customised Fisherman 20th Gift – Personalised Word Art Print	Personalised Stuff	https://personalisedstuff.co.uk/product/fisherman-20th-birthday-print/	9.99 GBP	"A Fisherman 20th Birthday word art print shaped around an angler mid-cast, built from your own words.


Digital download from £9.99, or framed up to £30.99. Free preview before you buy."	https://personalisedstuff.co.uk/wp-content/uploads/2019/11/fish-20.jpg	no	in stock	new	GB:::3.95 GBP
PS-00379	Personalised Table Tennis Name Print – Custom Word Art	Personalised Stuff	https://personalisedstuff.co.uk/product/table-tennis-personalised-print/	9.99 GBP	"A Table Tennis word art print shaped around a player mid-serve, built from your own words.


Digital download from £9.99, or framed up to £30.99. Free preview before you buy."	https://personalisedstuff.co.uk/wp-content/uploads/2019/09/xa1023_table-tennis_blue-scaled.jpg	no	in stock	new	GB:::3.95 GBP
PS-00378	Customised Law Scale Gift – Personalised Word Art Print	Personalised Stuff	https://personalisedstuff.co.uk/product/scales-of-justice-personalised-print/	9.99 GBP	"A Law Scale word art print shaped around the scales of justice, built from your own words.


Digital download from £9.99, or framed up to £30.99. Free preview before you buy."	https://personalisedstuff.co.uk/wp-content/uploads/2019/10/law-scales.jpeg	no	in stock	new	GB:::3.95 GBP
PS-00377	Personalised Nurse Word Art – Customised With Your Words	Personalised Stuff	https://personalisedstuff.co.uk/product/nurse-personalised-print/	9.99 GBP	"A Nurse word art print shaped around a nurse’s cap, built from your own words.


Digital download from £9.99, or framed up to £30.99. Free preview before you buy."	https://personalisedstuff.co.uk/wp-content/uploads/2019/10/nurse1.jpg	no	in stock	new	GB:::3.95 GBP
PS-00376	Personalised Star Gift – Add Your Names & Words	Personalised Stuff	https://personalisedstuff.co.uk/product/star-personalised-print/	9.99 GBP	"A Star word art print shaped around a star outline, built from your own words.


Digital download from £9.99, or framed up to £30.99. Free preview before you buy."	https://personalisedstuff.co.uk/wp-content/uploads/2019/10/star.jpeg	no	in stock	new	GB:::3.95 GBP
PS-00375	Personalised Italy Gift – Add Your Names & Words	Personalised Stuff	https://personalisedstuff.co.uk/product/italy-map-personalised-print/	9.99 GBP	"An Italy word art print shaped around the country’s outline, built from your own words.


Digital download from £9.99, or framed up to £30.99. Free preview before you buy."	https://personalisedstuff.co.uk/wp-content/uploads/2019/10/Italy-1.jpeg	no	in stock	new	GB:::3.95 GBP
PS-00374	Golf Bag Personalised Word Art – Custom Made Print	Personalised Stuff	https://personalisedstuff.co.uk/product/golf-bag-personalised-print/	9.99 GBP	"A Golf Bag word art print shaped around a bag and clubs, built from your own words.


Digital download from £9.99, or framed up to £30.99. Free preview before you buy."	https://personalisedstuff.co.uk/wp-content/uploads/2019/09/xa1019_golfbag_blue-scaled.jpg	no	in stock	new	GB:::3.95 GBP
PS-00373	Door Key Custom Print – Personalised Word Art Design	Personalised Stuff	https://personalisedstuff.co.uk/product/door-key-personalised-print/	9.99 GBP	"A Door Key word art print shaped around a key, built from your own words.


Digital download from £9.99, or framed up to £30.99. Free preview before you buy."	https://personalisedstuff.co.uk/wp-content/uploads/2019/10/doorkey.jpeg	no	in stock	new	GB:::3.95 GBP
PS-00372	Customised Doctor Gift – Personalised Word Art Print	Personalised Stuff	https://personalisedstuff.co.uk/product/doctor-personalised-print/	9.99 GBP	"A Doctor word art print shaped around a stethoscope, built from your own words.


Digital download from £9.99, or framed up to £30.99. Free preview before you buy."	https://personalisedstuff.co.uk/wp-content/uploads/2019/09/xa1005_doctor_blue-scaled.jpg	no	in stock	new	GB:::3.95 GBP
PS-00371	Personalised Religious Cross Wall Art – Custom Made With Your Words	Personalised Stuff	https://personalisedstuff.co.uk/product/religious-cross-personalised-print/	9.99 GBP	"A Religious Cross word art print shaped around a cross, built from your own words.


Digital download from £9.99, or framed up to £30.99. Free preview before you buy."	https://personalisedstuff.co.uk/wp-content/uploads/2019/10/cross-religious.jpeg	no	in stock	new	GB:::3.95 GBP
PS-00370	Personalised Christmas Print – Custom Word Art Gift	Personalised Stuff	https://personalisedstuff.co.uk/product/christmas-personalised-print/	9.99 GBP	"A Christmas word art print shaped around a Christmas tree, built from your own words.


Digital download from £9.99, or framed up to £30.99. Free preview before you buy."	https://personalisedstuff.co.uk/wp-content/uploads/2019/10/christmas-tree5.jpg	no	in stock	new	GB:::3.95 GBP
PS-00369	Personalised Tractor Gift – Add Your Names & Words	Personalised Stuff	https://personalisedstuff.co.uk/product/tractor-gift-personalised-print/	9.99 GBP	"A Tractor word art print (alternative design) shaped around a tractor, built from your own words.


Digital download from £9.99, or framed up to £30.99. Free preview before you buy."	https://personalisedstuff.co.uk/wp-content/uploads/2019/09/wb1003_tractor_blue-scaled.jpg	no	in stock	new	GB:::3.95 GBP
PS-00368	Personalised Piano – Celebrate Musical Passion in Beautiful Typography Word Art Gift – Made For You	Personalised Stuff	https://personalisedstuff.co.uk/product/piano-typography-personalised-print/	9.99 GBP	"A Piano word art print (alternative typography) shaped around a piano, built from your own words.


Digital download from £9.99, or framed up to £30.99. Free preview before you buy."	https://personalisedstuff.co.uk/wp-content/uploads/2019/09/wb1002_unique-piano_blue-scaled.jpg	no	in stock	new	GB:::3.95 GBP
PS-00367	Ambulance Custom Print – Personalised Word Art Design	Personalised Stuff	https://personalisedstuff.co.uk/product/ambulance-service-personalised-print/	9.99 GBP	"An Ambulance word art print (alternative design) shaped around an ambulance, built from your own words.


Digital download from £9.99, or framed up to £30.99. Free preview before you buy."	https://personalisedstuff.co.uk/wp-content/uploads/2019/04/wa1005_unique-ambulance_blue-scaled.jpg	no	in stock	new	GB:::3.95 GBP
PS-00366	Dog Paw Custom Print – Personalised Word Art Design	Personalised Stuff	https://personalisedstuff.co.uk/product/dog-paw-word-art-print/	9.99 GBP	"A Dog Paw word art print built from your dog’s own name — the right choice when no single breed silhouette fits.


Digital download from £9.99, or framed up to £30.99. Free preview before you buy."	https://personalisedstuff.co.uk/wp-content/uploads/2019/09/Dog-Paw.jpeg	no	in stock	new	GB:::3.95 GBP
PS-00365	Personalised Cat Paw Name Print – Custom Word Art	Personalised Stuff	https://personalisedstuff.co.uk/product/cat-paw-personalised-print/	9.99 GBP	"A Cat Paw word art print built from your cat’s own name — a simpler alternative to a full silhouette.


Digital download from £9.99, or framed up to £30.99. Free preview before you buy."	https://personalisedstuff.co.uk/wp-content/uploads/2019/09/Cat-Paw.jpeg	no	in stock	new	GB:::3.95 GBP
PS-00364	Personalised Dinosaur Wall Art – Custom Made With Your Words	Personalised Stuff	https://personalisedstuff.co.uk/product/dinosaur-personalised-print/	9.99 GBP	"A Dinosaur word art print shaped around a dinosaur, built from your own words.


Digital download from £9.99, or framed up to £30.99. Free preview before you buy."	https://personalisedstuff.co.uk/wp-content/uploads/2019/09/Dinosaur.jpeg	no	in stock	new	GB:::3.95 GBP
PS-00363	Personalised Headphones Word Art – Customised With Your Words	Personalised Stuff	https://personalisedstuff.co.uk/product/headphones-personalised-print/	9.99 GBP	"A Headphones word art print shaped around a pair of headphones, built from your own words.


Digital download from £9.99, or framed up to £30.99. Free preview before you buy."	https://personalisedstuff.co.uk/wp-content/uploads/2019/09/Headphones.jpeg	no	in stock	new	GB:::3.95 GBP
PS-00362	Personalised Gardening Word Art Gift – Made For You	Personalised Stuff	https://personalisedstuff.co.uk/product/gardener-personalised-print/	9.99 GBP	"A Gardening word art print shaped around a watering can, built from your own words.


Digital download from £9.99, or framed up to £30.99. Free preview before you buy."	https://personalisedstuff.co.uk/wp-content/uploads/2019/09/Watering-can.jpeg	no	in stock	new	GB:::3.95 GBP
PS-00361	Customised Caravan Gift – Personalised Word Art Print	Personalised Stuff	https://personalisedstuff.co.uk/product/caravan-personalised-print/	9.99 GBP	"A Caravan word art print shaped around a caravan, built from your own words.


Digital download from £9.99, or framed up to £30.99. Free preview before you buy."	https://personalisedstuff.co.uk/wp-content/uploads/2019/09/wb1005_CARAVAN_multi-scaled.jpg	no	in stock	new	GB:::3.95 GBP
PS-00360	Personalised Music Note Word Art – Customised With Your Words	Personalised Stuff	https://personalisedstuff.co.uk/product/music-note-personalised-print/	9.99 GBP	"A Music Note word art print shaped around a musical note, built from your own words.


Digital download from £9.99, or framed up to £30.99. Free preview before you buy."	https://personalisedstuff.co.uk/wp-content/uploads/2019/09/note1.jpg	no	in stock	new	GB:::3.95 GBP
PS-00359	Personalised House Gift – Add Your Names & Words	Personalised Stuff	https://personalisedstuff.co.uk/product/family-house-personalised-print/	9.99 GBP	"A House word art print shaped around a house outline, built from your own words.


Digital download from £9.99, or framed up to £30.99. Free preview before you buy."	https://personalisedstuff.co.uk/wp-content/uploads/2019/09/wb1004_HOUSE_blue-scaled.jpg	no	in stock	new	GB:::3.95 GBP
PS-00358	Custom Tractor Print, Personalised With Your Words	Personalised Stuff	https://personalisedstuff.co.uk/product/tractor-personalised-print/	9.99 GBP	"A Tractor word art print shaped around a tractor, built from your own words.


Digital download from £9.99, or framed up to £30.99. Free preview before you buy."	https://personalisedstuff.co.uk/wp-content/uploads/2019/09/wb1003_tractor_multi-scaled.jpg	no	in stock	new	GB:::3.95 GBP
PS-00357	Personalised Piano Name Print – Custom Word Art	Personalised Stuff	https://personalisedstuff.co.uk/product/piano-personalised-print/	9.99 GBP	"A Piano word art print shaped around a piano, built from your own words.


Digital download from £9.99, or framed up to £30.99. Free preview before you buy."	https://personalisedstuff.co.uk/wp-content/uploads/2019/09/piano3.jpg	no	in stock	new	GB:::3.95 GBP
PS-00356	Customised Hand Print – Personalised Word Art Gift	Personalised Stuff	https://personalisedstuff.co.uk/product/hand-print-personalised-print/	9.99 GBP	"A Hand word art print shaped around a hand, built from your own words.


Digital download from £9.99, or framed up to £30.99. Free preview before you buy."	https://personalisedstuff.co.uk/wp-content/uploads/2019/08/hand.jpg	no	in stock	new	GB:::3.95 GBP
PS-00355	Personalised Steam Train Name Print – Custom Word Art	Personalised Stuff	https://personalisedstuff.co.uk/product/steam-train-personalised-print/	9.99 GBP	"A Steam Train word art print shaped around a steam locomotive, built from your own words.


Digital download from £9.99, or framed up to £30.99. Free preview before you buy."	https://personalisedstuff.co.uk/wp-content/uploads/2019/09/xa1010_STEAM-TRAIN_blue-scaled.jpg	no	in stock	new	GB:::3.95 GBP
PS-00354	Customised Family Tree Gift – Personalised Word Art Print	Personalised Stuff	https://personalisedstuff.co.uk/product/family-tree-personalised-print/	9.99 GBP	"A Family Tree word art print shaped around a tree, built from your own words.


Digital download from £9.99, or framed up to £30.99. Free preview before you buy."	https://personalisedstuff.co.uk/wp-content/uploads/2019/07/tree.jpeg	no	in stock	new	GB:::3.95 GBP
PS-00353	Custom Tinkerbell Word Art – Personalised With Your Own Words	Personalised Stuff	https://personalisedstuff.co.uk/product/tinkerbell-personalised-print/	9.99 GBP	"A Tinkerbell word art print shaped around a fairy silhouette, built from your own words.


Digital download from £9.99, or framed up to £30.99. Free preview before you buy."	https://personalisedstuff.co.uk/wp-content/uploads/2019/05/tinkerbell.jpeg	no	in stock	new	GB:::3.95 GBP
PS-00351	Personalised Pony Gift – Add Your Names & Words	Personalised Stuff	https://personalisedstuff.co.uk/product/pony-personalised-print/	9.99 GBP	"A Pony word art print shaped around a pony, built from your own words.


Digital download from £9.99, or framed up to £30.99. Free preview before you buy."	https://personalisedstuff.co.uk/wp-content/uploads/2019/04/wa1006_unique-pony_PINK-scaled.jpg	no	in stock	new	GB:::3.95 GBP
PS-00350	Custom Ambulance Word Art – Personalised With Your Own Words	Personalised Stuff	https://personalisedstuff.co.uk/product/ambulance-crew-personalised-print/	9.99 GBP	"An Ambulance word art print shaped around an ambulance, built from your own words.


Digital download from £9.99, or framed up to £30.99. Free preview before you buy."	https://personalisedstuff.co.uk/wp-content/uploads/2019/04/wa1005_unique-ambulance_black-scaled.jpg	no	in stock	new	GB:::3.95 GBP
PS-00349	Personalised Fireman Print – Custom Word Art Gift	Personalised Stuff	https://personalisedstuff.co.uk/product/fireman-personalised-print/	9.99 GBP	"A Firefighter word art print (alternative design) shaped around a helmet, built from your own words.


Digital download from £9.99, or framed up to £30.99. Free preview before you buy."	https://personalisedstuff.co.uk/wp-content/uploads/2019/04/wa1004_unique-Fireman_red-scaled.jpg	no	in stock	new	GB:::3.95 GBP
PS-00347	Personalised Coffee Cup Wall Art – Custom Made With Your Words	Personalised Stuff	https://personalisedstuff.co.uk/product/coffee-cup-alternative-personalised-print/	9.99 GBP	"A Coffee Cup word art print (alternative design) shaped around a coffee cup, built from your own words.


Digital download from £9.99, or framed up to £30.99. Free preview before you buy."	https://personalisedstuff.co.uk/wp-content/uploads/2019/03/wa1002_unique-Coffee-Cup_black-scaled.jpg	no	in stock	new	GB:::3.95 GBP
PS-00346	Personalised Ice Skater Couple Name Print – Custom Word Art	Personalised Stuff	https://personalisedstuff.co.uk/product/ice-skating-couple-personalised-print/	9.99 GBP	"An Ice Skater Couple word art print shaped around two skaters together, built from your own words.


Digital download from £9.99, or framed up to £30.99. Free preview before you buy."	https://personalisedstuff.co.uk/wp-content/uploads/2019/03/ice-skater_couple.jpg	no	in stock	new	GB:::3.95 GBP
PS-00345	Customised Skating Figure Girl Print – Personalised Word Art Gift	Personalised Stuff	https://personalisedstuff.co.uk/product/figure-skater-girl-personalised-print/	9.99 GBP	"A Figure Skater word art print shaped around a skater mid-spin, built from your own words.


Digital download from £9.99, or framed up to £30.99. Free preview before you buy."	https://personalisedstuff.co.uk/wp-content/uploads/2019/09/xa1021_skating-girl_blue-scaled.jpg	no	in stock	new	GB:::3.95 GBP
PS-00343	Custom Cup of Coffee Print, Personalised With Your Words	Personalised Stuff	https://personalisedstuff.co.uk/product/cup-of-coffee-personalised-print/	9.99 GBP	"A Cup of Coffee word art print shaped around a coffee cup, built from your own words.


Digital download from £9.99, or framed up to £30.99. Free preview before you buy."	https://personalisedstuff.co.uk/wp-content/uploads/2019/03/wa1002_unique-Coffee-Cup_brown-scaled.jpg	no	in stock	new	GB:::3.95 GBP
PS-00342	Personalised Cup of Tea Name Print – Custom Word Art	Personalised Stuff	https://personalisedstuff.co.uk/product/cup-of-tea-personalised-print/	9.99 GBP	"A Cup of Tea word art print shaped around a teacup, built from your own words.


Digital download from £9.99, or framed up to £30.99. Free preview before you buy."	https://personalisedstuff.co.uk/wp-content/uploads/2019/03/cup-of-tea.jpg	no	in stock	new	GB:::3.95 GBP
PS-00341	Personalised Elephant Word Art Gift – Made For You	Personalised Stuff	https://personalisedstuff.co.uk/product/elephant-alternative-personalised-print/	9.99 GBP	"An Elephant word art print (alternative design) shaped around an elephant, built from your own words.


Digital download from £9.99, or framed up to £30.99. Free preview before you buy."	https://personalisedstuff.co.uk/wp-content/uploads/2019/03/elephant.jpg	no	in stock	new	GB:::3.95 GBP
PS-00340	Custom Snowboarder Word Art – Personalised With Your Own Words	Personalised Stuff	https://personalisedstuff.co.uk/product/snowboard-personalised-print/	9.99 GBP	"A Snowboarding word art print (alternative design) shaped around a snowboarder mid-air, built from your own words.


Digital download from £9.99, or framed up to £30.99. Free preview before you buy."	https://personalisedstuff.co.uk/wp-content/uploads/2018/03/snowboarder_blue.jpg	no	in stock	new	GB:::3.95 GBP
PS-00339	Custom Weight Lifter Print, Personalised With Your Words	Personalised Stuff	https://personalisedstuff.co.uk/product/weightlifter-personalised-print/	9.99 GBP	"A Weight Lifter word art print shaped around a lifter mid-lift, built from your own words.


Digital download from £9.99, or framed up to £30.99. Free preview before you buy."	https://personalisedstuff.co.uk/wp-content/uploads/2019/09/xa1024_WEIGHT-LIFTER_blue-scaled.jpg	no	in stock	new	GB:::3.95 GBP
PS-00338	Shark Custom Print – Personalised Word Art Design	Personalised Stuff	https://personalisedstuff.co.uk/product/shark-personalised-print/	9.99 GBP	"A Shark word art print shaped around a shark, built from your own words.


Digital download from £9.99, or framed up to £30.99. Free preview before you buy."	https://personalisedstuff.co.uk/wp-content/uploads/2019/03/shark.jpg	no	in stock	new	GB:::3.95 GBP
PS-00337	Personalised Fire Fighter Present Gift – Add Your Names & Words	Personalised Stuff	https://personalisedstuff.co.uk/product/firefighter-gift-personalised-print/	9.99 GBP	"A Firefighter word art print (alternative design) shaped around a helmet, built from your own words.


Digital download from £9.99, or framed up to £30.99. Free preview before you buy."	https://personalisedstuff.co.uk/wp-content/uploads/2019/03/fire_fighter.jpeg	no	in stock	new	GB:::3.95 GBP
PS-00336	Personalised Horse Rider Print – Custom Word Art Gift	Personalised Stuff	https://personalisedstuff.co.uk/product/horse-rider-gift-print/	9.99 GBP	"A Horse Riding word art print (alternative design) shaped around a horse and rider, built from your own words.


Digital download from £9.99, or framed up to £30.99. Free preview before you buy."	https://personalisedstuff.co.uk/wp-content/uploads/2019/03/horse-player2.jpeg	no	in stock	new	GB:::3.95 GBP
PS-00335	Custom Netball Player Word Art – Personalised With Your Own Words	Personalised Stuff	https://personalisedstuff.co.uk/product/netball-team-personalised-print/	9.99 GBP	"A Netball word art print (alternative design) shaped around a player mid-shot, built from your own words.


Digital download from £9.99, or framed up to £30.99. Free preview before you buy."	https://personalisedstuff.co.uk/wp-content/uploads/2019/03/netball-player2-1.jpg	no	in stock	new	GB:::3.95 GBP
PS-00334	Customised Netball Player Gift – Personalised Word Art Print	Personalised Stuff	https://personalisedstuff.co.uk/product/netball-shooter-personalised-print/	9.99 GBP	"A Netball word art print (alternative design) shaped around a player mid-shot, built from your own words.


Digital download from £9.99, or framed up to £30.99. Free preview before you buy."	https://personalisedstuff.co.uk/wp-content/uploads/2019/03/netball-player1-1.jpg	no	in stock	new	GB:::3.95 GBP
PS-00333	Personalised Judo Wall Art – Custom Made With Your Words	Personalised Stuff	https://personalisedstuff.co.uk/product/judo-personalised-print/	9.99 GBP	"A Judo word art print shaped around a judoka mid-throw, built from your own words.


Digital download from £9.99, or framed up to £30.99. Free preview before you buy."	https://personalisedstuff.co.uk/wp-content/uploads/2019/09/xa1022_judo_blue-scaled.jpg	no	in stock	new	GB:::3.95 GBP
PS-00332	Heart Hand Personalised Word Art – Custom Made Print	Personalised Stuff	https://personalisedstuff.co.uk/product/heart-hand-personalised-print/	9.99 GBP	"A Heart Hand word art print shaped around a hand making a heart, built from your own words.


Digital download from £9.99, or framed up to £30.99. Free preview before you buy."	https://personalisedstuff.co.uk/wp-content/uploads/2019/03/landscape-KEEP-1.jpg	no	in stock	new	GB:::3.95 GBP
PS-00331	Gymnastics Girl Custom Print – Personalised Word Art Design	Personalised Stuff	https://personalisedstuff.co.uk/product/gymnastics-girl-personalised-print/	9.99 GBP	"A Gymnastics Girl word art print shaped around a young gymnast mid-routine, built from your own words.


Digital download from £9.99, or framed up to £30.99. Free preview before you buy."	https://personalisedstuff.co.uk/wp-content/uploads/2019/09/xa1020_gymnastic-girl_blue-scaled.jpg	no	in stock	new	GB:::3.95 GBP
PS-00330	Personalised Fairy Wall Art – Custom Made With Your Words	Personalised Stuff	https://personalisedstuff.co.uk/product/fairy-alternative-personalised-print/	9.99 GBP	"A Fairy word art print (alternative design) shaped around a fairy silhouette, built from your own words.


Digital download from £9.99, or framed up to £30.99. Free preview before you buy."	https://personalisedstuff.co.uk/wp-content/uploads/2019/03/fairy_fin-1.jpg	no	in stock	new	GB:::3.95 GBP
PS-00329	Custom Cheerleader Print, Personalised With Your Words	Personalised Stuff	https://personalisedstuff.co.uk/product/cheerleader-personalised-print/	9.99 GBP	"A Cheerleader word art print shaped around a cheerleader mid-jump, built from your own words.


Digital download from £9.99, or framed up to £30.99. Free preview before you buy."	https://personalisedstuff.co.uk/wp-content/uploads/2019/09/xa1014_cheerleader_blue-scaled.jpg	no	in stock	new	GB:::3.95 GBP
PS-00328	Custom Pole Dancer Word Art – Personalised With Your Own Words	Personalised Stuff	https://personalisedstuff.co.uk/product/pole-dancer-personalised-print/	9.99 GBP	"A Pole Dancer word art print shaped around a dancer mid-pose, built from your own words.


Digital download from £9.99, or framed up to £30.99. Free preview before you buy."	https://personalisedstuff.co.uk/wp-content/uploads/2019/03/pole.jpg	no	in stock	new	GB:::3.95 GBP
PS-00327	Personalised Guitarist Gift – Add Your Names & Words	Personalised Stuff	https://personalisedstuff.co.uk/product/guitarist-personalised-print/	9.99 GBP	"A Guitarist word art print shaped around a musician mid-performance, built from your own words.


Digital download from £9.99, or framed up to £30.99. Free preview before you buy."	https://personalisedstuff.co.uk/wp-content/uploads/2019/03/guitar.jpg	no	in stock	new	GB:::3.95 GBP
PS-00326	Personalised Ballerina Boy Name Print – Custom Word Art	Personalised Stuff	https://personalisedstuff.co.uk/product/ballet-boy-personalised-print/	9.99 GBP	"A Ballerina Boy word art print shaped around a male dancer mid-pose, built from your own words.


Digital download from £9.99, or framed up to £30.99. Free preview before you buy."	https://personalisedstuff.co.uk/wp-content/uploads/2019/03/vboy.jpg	no	in stock	new	GB:::3.95 GBP
PS-00325	Ballerina Girl Custom Print – Personalised Word Art Design	Personalised Stuff	https://personalisedstuff.co.uk/product/ballerina-girl-personalised-print/	9.99 GBP	"A Ballerina Girl word art print (alternative design) shaped around a ballerina mid-pose, built from your own words.


Digital download from £9.99, or framed up to £30.99. Free preview before you buy."	https://personalisedstuff.co.uk/wp-content/uploads/2019/03/vallerina-girl.jpg	no	in stock	new	GB:::3.95 GBP
PS-00324	Custom Oboe Player Word Art – Personalised With Your Own Words	Personalised Stuff	https://personalisedstuff.co.uk/product/oboe-player-personalised-print/	9.99 GBP	"An Oboe Player word art print shaped around a musician playing oboe, built from your own words.


Digital download from £9.99, or framed up to £30.99. Free preview before you buy."	https://personalisedstuff.co.uk/wp-content/uploads/2019/03/fluttee.jpg	no	in stock	new	GB:::3.95 GBP
PS-00323	Custom Saxophone Player Print, Personalised With Your Words	Personalised Stuff	https://personalisedstuff.co.uk/product/saxophone-player-personalised-print/	9.99 GBP	"A Saxophone Player word art print shaped around a musician playing sax, built from your own words.


Digital download from £9.99, or framed up to £30.99. Free preview before you buy."	https://personalisedstuff.co.uk/wp-content/uploads/2019/03/flute-1.jpg	no	in stock	new	GB:::3.95 GBP
PS-00322	Personalised Golf 18th Word Art – Customised With Your Words	Personalised Stuff	https://personalisedstuff.co.uk/product/golfer-18th-birthday-print/	9.99 GBP	"A Golfer 18th Birthday word art print shaped around a golfer mid-swing, built from your own words.


Digital download from £9.99, or framed up to £30.99. Free preview before you buy."	https://personalisedstuff.co.uk/wp-content/uploads/2019/02/golfer-18.jpeg	no	in stock	new	GB:::3.95 GBP
PS-00321	Personalised Oasis Print – Custom Word Art Gift	Personalised Stuff	https://personalisedstuff.co.uk/product/oasis-fan-personalised-print/	9.99 GBP	"An Oasis word art print shaped around a guitar, built from your own words.


Digital download from £9.99, or framed up to £30.99. Free preview before you buy."	https://personalisedstuff.co.uk/wp-content/uploads/2019/02/oasis-1.jpeg	no	in stock	new	GB:::3.95 GBP
PS-00320	Netball 21st Custom Print – Personalised Word Art Design	Personalised Stuff	https://personalisedstuff.co.uk/product/netball-21st-birthday-print/	9.99 GBP	"A Netball 21st Birthday word art print shaped around a player mid-shot, built from your own words.


Digital download from £9.99, or framed up to £30.99. Free preview before you buy."	https://personalisedstuff.co.uk/wp-content/uploads/2019/01/netball-21.jpg	no	in stock	new	GB:::3.95 GBP
PS-00319	Customised F1 Car Print – Personalised Word Art Gift	Personalised Stuff	https://personalisedstuff.co.uk/product/formula-one-car-personalised-print/	9.99 GBP	"An F1 Car word art print (alternative design) shaped around an F1 car, built from your own words.


Digital download from £9.99, or framed up to £30.99. Free preview before you buy."	https://personalisedstuff.co.uk/wp-content/uploads/2019/01/f1-car-new.jpg	no	in stock	new	GB:::3.95 GBP
PS-00318	Custom F1 Racing Car Word Art – Personalised With Your Own Words	Personalised Stuff	https://personalisedstuff.co.uk/product/f1-racing-car-personalised-print/	9.99 GBP	"An F1 Racing Car word art print shaped around an F1 car, built from your own words.


Digital download from £9.99, or framed up to £30.99. Free preview before you buy."	https://personalisedstuff.co.uk/wp-content/uploads/2019/01/F1.jpeg	no	in stock	new	GB:::3.95 GBP
PS-00317	Customised Racing Car Gift – Personalised Word Art Print	Personalised Stuff	https://personalisedstuff.co.uk/product/racing-car-personalised-print/	9.99 GBP	"A Racing Car word art print shaped around a racing car, built from your own words.


Digital download from £9.99, or framed up to £30.99. Free preview before you buy."	https://personalisedstuff.co.uk/wp-content/uploads/2019/01/car.jpeg	no	in stock	new	GB:::3.95 GBP
PS-00316	Customised Fireman Head Gift – Personalised Word Art Print	Personalised Stuff	https://personalisedstuff.co.uk/product/fireman-head-personalised-print/	9.99 GBP	"A Firefighter word art print (profile design) shaped around a firefighter, built from your own words.


Digital download from £9.99, or framed up to £30.99. Free preview before you buy."	https://personalisedstuff.co.uk/wp-content/uploads/2019/01/fireman-head.jpg	no	in stock	new	GB:::3.95 GBP
PS-00315	Personalised Fireman Present Word Art – Customised With Your Words	Personalised Stuff	https://personalisedstuff.co.uk/product/firefighter-present-personalised-print/	9.99 GBP	"A Firefighter word art print shaped around a helmet, built from your own words.


Digital download from £9.99, or framed up to £30.99. Free preview before you buy."	https://personalisedstuff.co.uk/wp-content/uploads/2019/01/fireman-2.jpg	no	in stock	new	GB:::3.95 GBP
PS-00314	Personalised Photographer Word Art – Customised With Your Words	Personalised Stuff	https://personalisedstuff.co.uk/product/photographer-personalised-print/	9.99 GBP	"A Photographer word art print shaped around a camera, built from your own words.


Digital download from £9.99, or framed up to £30.99. Free preview before you buy."	https://personalisedstuff.co.uk/wp-content/uploads/2019/09/xa1007_photographer_blue-scaled.jpg	no	in stock	new	GB:::3.95 GBP
PS-00313	Personalised Gymnast Wall Art – Custom Made With Your Words	Personalised Stuff	https://personalisedstuff.co.uk/product/gymnast-personalised-print/	9.99 GBP	"A Gymnast word art print shaped around a gymnast mid-routine, built from your own words.


Digital download from £9.99, or framed up to £30.99. Free preview before you buy."	https://personalisedstuff.co.uk/wp-content/uploads/2018/12/gymnast_1.jpg	no	in stock	new	GB:::3.95 GBP
PS-00312	Personalised Skull Word Art – Customised With Your Words	Personalised Stuff	https://personalisedstuff.co.uk/product/skull-personalised-print/	9.99 GBP	"A Skull word art print shaped around a skull outline, built from your own words.


Digital download from £9.99, or framed up to £30.99. Free preview before you buy."	https://personalisedstuff.co.uk/wp-content/uploads/2018/12/skull_1.jpg	no	in stock	new	GB:::3.95 GBP
PS-00311	Personalised Female Runner Word Art – Customised With Your Words	Personalised Stuff	https://personalisedstuff.co.uk/product/female-runner-personalised-print/	9.99 GBP	"A Female Runner word art print shaped around a runner mid-stride, built from your own words.


Digital download from £9.99, or framed up to £30.99. Free preview before you buy."	https://personalisedstuff.co.uk/wp-content/uploads/2019/09/xa1018_girl-runner_blue-scaled.jpg	no	in stock	new	GB:::3.95 GBP
PS-00310	Personalised Male Runner Gift – Add Your Names & Words	Personalised Stuff	https://personalisedstuff.co.uk/product/male-runner-personalised-print/	9.99 GBP	"A Male Runner word art print shaped around a runner mid-stride, built from your own words.


Digital download from £9.99, or framed up to £30.99. Free preview before you buy."	https://personalisedstuff.co.uk/wp-content/uploads/2018/12/male_runner_1-1.jpg	no	in stock	new	GB:::3.95 GBP
PS-00309	Personalised Quad Bike Print – Custom Word Art Gift	Personalised Stuff	https://personalisedstuff.co.uk/product/quad-bike-personalised-print/	9.99 GBP	"A Quad Bike word art print shaped around a quad bike, built from your own words.


Digital download from £9.99, or framed up to £30.99. Free preview before you buy."	https://personalisedstuff.co.uk/wp-content/uploads/2018/12/quad-small.jpg	no	in stock	new	GB:::3.95 GBP
PS-00308	Personalised Boxer Dog (undocked) Word Art Gift – Made For You	Personalised Stuff	https://personalisedstuff.co.uk/product/boxer-undocked-gift-print/	9.99 GBP	"A Boxer (natural tail) word art print built from your dog’s own name and playful energy — not a generic breed portrait.


Digital download from £9.99, or framed up to £30.99. Free preview before you buy."	https://personalisedstuff.co.uk/wp-content/uploads/2018/11/dogs.jpg	no	in stock	new	GB:::3.95 GBP
PS-00307	Custom Whisky Carafe Print, Personalised With Your Words	Personalised Stuff	https://personalisedstuff.co.uk/product/whisky-carafe-personalised-print/	9.99 GBP	"A Whisky Carafe word art print shaped around a decanter, built from your own words.


Digital download from £9.99, or framed up to £30.99. Free preview before you buy."	https://personalisedstuff.co.uk/wp-content/uploads/2018/09/whisky2.jpg	no	in stock	new	GB:::3.95 GBP
PS-00306	Personalised Gin Lover Print – Custom Word Art Gift	Personalised Stuff	https://personalisedstuff.co.uk/product/gin-glass-personalised-print/	9.99 GBP	"A Gin Lover word art print shaped around a gin glass, built from your own words.


Digital download from £9.99, or framed up to £30.99. Free preview before you buy."	https://personalisedstuff.co.uk/wp-content/uploads/2018/09/gin4.jpg	no	in stock	new	GB:::3.95 GBP
PS-00305	Personalised Sewing Machine Print – Custom Word Art Gift	Personalised Stuff	https://personalisedstuff.co.uk/product/sewing-machine-personalised-print/	9.99 GBP	"A Sewing Machine word art print shaped around a sewing machine, built from your own words.


Digital download from £9.99, or framed up to £30.99. Free preview before you buy."	https://personalisedstuff.co.uk/wp-content/uploads/2018/09/gincorrect.jpg	no	in stock	new	GB:::3.95 GBP
PS-00304	Wales Personalised Word Art – Custom Made Print	Personalised Stuff	https://personalisedstuff.co.uk/product/wales-map-personalised-print/	9.99 GBP	"A Wales word art print shaped around the country’s outline, built from your own words.


Digital download from £9.99, or framed up to £30.99. Free preview before you buy."	https://personalisedstuff.co.uk/wp-content/uploads/2018/07/wales.jpg	no	in stock	new	GB:::3.95 GBP
PS-00303	Custom Boxer Print, Personalised With Your Words	Personalised Stuff	https://personalisedstuff.co.uk/product/boxer-athlete-personalised-print/	9.99 GBP	"A Boxing word art print shaped around a boxer mid-punch, built from your own words.


Digital download from £9.99, or framed up to £30.99. Free preview before you buy."	https://personalisedstuff.co.uk/wp-content/uploads/2018/06/bwap.jpg	no	in stock	new	GB:::3.95 GBP
PS-00302	Customised Female Karate Print – Personalised Word Art Gift	Personalised Stuff	https://personalisedstuff.co.uk/product/female-karate-personalised-print/	9.99 GBP	"A Female Karate word art print shaped around a practitioner mid-kick, built from your own words.


Digital download from £9.99, or framed up to £30.99. Free preview before you buy."	https://personalisedstuff.co.uk/wp-content/uploads/2018/06/Ka_IMAGE.jpg	no	in stock	new	GB:::3.95 GBP
PS-00301	Personalised Footballer 40th Word Art – Customised With Your Words	Personalised Stuff	https://personalisedstuff.co.uk/product/footballer-40th-birthday-print/	9.99 GBP	"A Footballer 40th Birthday word art print shaped around a player mid-kick, built from your own words.


Digital download from £9.99, or framed up to £30.99. Free preview before you buy."	https://personalisedstuff.co.uk/wp-content/uploads/2018/06/40_footballer_frame.jpg	no	in stock	new	GB:::3.95 GBP
PS-00300	Personalised Footballer 30th Word Art Gift – Made For You	Personalised Stuff	https://personalisedstuff.co.uk/product/footballer-30th-birthday-print/	9.99 GBP	"A Footballer 30th Birthday word art print shaped around a player mid-kick, built from your own words.


Digital download from £9.99, or framed up to £30.99. Free preview before you buy."	https://personalisedstuff.co.uk/wp-content/uploads/2018/06/30_footballer_frame.jpg	no	in stock	new	GB:::3.95 GBP
PS-00299	Custom Footballer 21st Birthday Word Art – Personalised With Your Own Words	Personalised Stuff	https://personalisedstuff.co.uk/product/footballer-21st-birthday-print/	9.99 GBP	"A Footballer 21st Birthday word art print shaped around a player mid-kick, built from your own words.


Digital download from £9.99, or framed up to £30.99. Free preview before you buy."	https://personalisedstuff.co.uk/wp-content/uploads/2018/06/21_footballer_frame.jpg	no	in stock	new	GB:::3.95 GBP
PS-00298	Personalised Running Horse Word Art Gift – Made For You	Personalised Stuff	https://personalisedstuff.co.uk/product/running-horse-personalised-print/	9.99 GBP	"A Running Horse word art print shaped around a horse at full gallop, built from your own words.


Digital download from £9.99, or framed up to £30.99. Free preview before you buy."	https://personalisedstuff.co.uk/wp-content/uploads/2018/06/running_horse_frame.jpg	no	in stock	new	GB:::3.95 GBP
PS-00297	Custom Camel Word Art – Personalised With Your Own Words	Personalised Stuff	https://personalisedstuff.co.uk/product/camel-personalised-print/	9.99 GBP	"A Camel word art print shaped around a camel, built from your own words.


Digital download from £9.99, or framed up to £30.99. Free preview before you buy."	https://personalisedstuff.co.uk/wp-content/uploads/2018/06/camel_frame.jpg	no	in stock	new	GB:::3.95 GBP
PS-00296	Mother and Baby Giraffe Personalised Word Art – Custom Made Print	Personalised Stuff	https://personalisedstuff.co.uk/product/mother-and-baby-giraffe-personalised-print/	9.99 GBP	"A Mother and Baby Giraffe word art print shaped around a giraffe pair, built from your own words.


Digital download from £9.99, or framed up to £30.99. Free preview before you buy."	https://personalisedstuff.co.uk/wp-content/uploads/2018/06/mother-and-baby-frame.jpg	no	in stock	new	GB:::3.95 GBP
PS-00295	Personalised Horse Standing Word Art – Customised With Your Words	Personalised Stuff	https://personalisedstuff.co.uk/product/horse-standing-personalised-print/	9.99 GBP	"A Horse (standing) word art print shaped around a standing horse, built from your own words.


Digital download from £9.99, or framed up to £30.99. Free preview before you buy."	https://personalisedstuff.co.uk/wp-content/uploads/2018/06/HORSE-STANDING_FRAME.jpg	no	in stock	new	GB:::3.95 GBP
PS-00294	Personalised Woman Footballer Word Art – Customised With Your Words	Personalised Stuff	https://personalisedstuff.co.uk/product/women-footballer-personalised-print/	9.99 GBP	"A Women’s Football word art print shaped around a player mid-kick, built from your own words.


Digital download from £9.99, or framed up to £30.99. Free preview before you buy."	https://personalisedstuff.co.uk/wp-content/uploads/2018/06/woman.jpg	no	in stock	new	GB:::3.95 GBP
PS-00293	Customised Skateboarder Gift – Personalised Word Art Print	Personalised Stuff	https://personalisedstuff.co.uk/product/skateboarder-personalised-print/	9.99 GBP	"A Skateboarder word art print shaped around a skater mid-trick, built from your own words.


Digital download from £9.99, or framed up to £30.99. Free preview before you buy."	https://personalisedstuff.co.uk/wp-content/uploads/2018/06/original_skateboarder.jpg	no	in stock	new	GB:::3.95 GBP
PS-00292	Personalised Aeroplane Word Art – Customised With Your Words	Personalised Stuff	https://personalisedstuff.co.uk/product/aeroplane-personalised-print/	9.99 GBP	"An Aeroplane word art print shaped around an aeroplane, built from your own words.


Digital download from £9.99, or framed up to £30.99. Free preview before you buy."	https://personalisedstuff.co.uk/wp-content/uploads/2018/06/plane3.jpg	no	in stock	new	GB:::3.95 GBP
PS-00291	Personalised Karate Gift – Add Your Names & Words	Personalised Stuff	https://personalisedstuff.co.uk/product/karate-personalised-print/	9.99 GBP	"A Karate word art print shaped around a practitioner mid-kick, built from your own words.


Digital download from £9.99, or framed up to £30.99. Free preview before you buy."	https://personalisedstuff.co.uk/wp-content/uploads/2019/09/xa1017_karate_blue-scaled.jpg	no	in stock	new	GB:::3.95 GBP
PS-00290	Custom Daddy's Girl Print, Personalised With Your Words	Personalised Stuff	https://personalisedstuff.co.uk/product/daddys-girl-personalised-print/	9.99 GBP	"A Daddy’s Girl word art print shaped around a father and daughter, built from your own words.


Digital download from £9.99, or framed up to £30.99. Free preview before you buy."	https://personalisedstuff.co.uk/wp-content/uploads/2018/06/daddysgirl_frame.jpg	no	in stock	new	GB:::3.95 GBP
PS-00289	Personalised Ballerina Girl Word Art Gift – Made For You	Personalised Stuff	https://personalisedstuff.co.uk/product/ballerina-personalised-print/	9.99 GBP	"A Ballerina word art print shaped around a ballerina mid-pose, built from your own words.


Digital download from £9.99, or framed up to £30.99. Free preview before you buy."	https://personalisedstuff.co.uk/wp-content/uploads/2018/06/ballerina-girl_frame.jpg	no	in stock	new	GB:::3.95 GBP
PS-00288	Personalised Baby Penguin Print – Custom Word Art Gift	Personalised Stuff	https://personalisedstuff.co.uk/product/baby-penguin-personalised-print/	9.99 GBP	"A Baby Penguin word art print shaped around a baby penguin, built from your own words.


Digital download from £9.99, or framed up to £30.99. Free preview before you buy."	https://personalisedstuff.co.uk/wp-content/uploads/2018/06/PINGUIN_FRAME.jpg	no	in stock	new	GB:::3.95 GBP
PS-00287	Engagement Personalised Word Art – Custom Made Print	Personalised Stuff	https://personalisedstuff.co.uk/product/engagement-personalised-print/	9.99 GBP	"An Engagement word art print shaped around a diamond ring, built from your own words.


Digital download from £9.99, or framed up to £30.99. Free preview before you buy."	https://personalisedstuff.co.uk/wp-content/uploads/2018/06/engagement_frame.jpg	no	in stock	new	GB:::3.95 GBP
PS-00286	Personalised Giraffe Name Print – Custom Word Art	Personalised Stuff	https://personalisedstuff.co.uk/product/giraffe-personalised-print/	9.99 GBP	"A Giraffe word art print shaped around a giraffe, built from your own words.


Digital download from £9.99, or framed up to £30.99. Free preview before you buy."	https://personalisedstuff.co.uk/wp-content/uploads/2018/06/giraffe_image.jpg	no	in stock	new	GB:::3.95 GBP
PS-00285	Personalised Dad and Baby Wall Art – Custom Made With Your Words	Personalised Stuff	https://personalisedstuff.co.uk/product/dad-and-baby-personalised-print/	9.99 GBP	"A Dad and Baby word art print shaped around a father and baby, built from your own words.


Digital download from £9.99, or framed up to £30.99. Free preview before you buy."	https://personalisedstuff.co.uk/wp-content/uploads/2018/06/dad_and_baby.jpg	no	in stock	new	GB:::3.95 GBP
PS-00284	Personalised Pit Bull Word Art – Customised With Your Words	Personalised Stuff	https://personalisedstuff.co.uk/product/pit-bull-personalised-print/	9.99 GBP	"A Pit Bull word art print built from your dog’s own name and affectionate nature — not a generic breed portrait.


Digital download from £9.99, or framed up to £30.99. Free preview before you buy."	https://personalisedstuff.co.uk/wp-content/uploads/2018/06/pitbull_frame.jpg	no	in stock	new	GB:::3.95 GBP
PS-00283	Customised Fishing Print – Personalised Word Art Gift	Personalised Stuff	https://personalisedstuff.co.uk/product/fishing-personalised-print/	9.99 GBP	"A Fishing word art print (alternative design) shaped around an angler mid-cast, built from your own words.


Digital download from £9.99, or framed up to £30.99. Free preview before you buy."	https://personalisedstuff.co.uk/wp-content/uploads/2018/05/fish.jpg	no	in stock	new	GB:::3.95 GBP
PS-00282	Custom Golf Word Art – Personalised With Your Own Words	Personalised Stuff	https://personalisedstuff.co.uk/product/golfer-word-art-print/	9.99 GBP	"A Golf word art print shaped around a golfer mid-swing, built from your own words.


Digital download from £9.99, or framed up to £30.99. Free preview before you buy."	https://personalisedstuff.co.uk/wp-content/uploads/2018/06/golferone-1.jpg	no	in stock	new	GB:::3.95 GBP
PS-00281	Customised Fishing 80th Print – Personalised Word Art Gift	Personalised Stuff	https://personalisedstuff.co.uk/product/fishing-80th-birthday-print/	9.99 GBP	"A Fishing 80th Birthday word art print shaped around an angler mid-cast, built from your own words.


Digital download from £9.99, or framed up to £30.99. Free preview before you buy."	https://personalisedstuff.co.uk/wp-content/uploads/2018/06/80_FISHERMAN.jpg	no	in stock	new	GB:::3.95 GBP
PS-00280	Fishing 50th Birthday Personalised Word Art – Custom Made Print	Personalised Stuff	https://personalisedstuff.co.uk/product/fishing-50th-birthday-print/	9.99 GBP	"A Fishing 50th Birthday word art print shaped around an angler mid-cast, built from your own words.


Digital download from £9.99, or framed up to £30.99. Free preview before you buy."	https://personalisedstuff.co.uk/wp-content/uploads/2018/06/50_FISHERMAN.jpg	no	in stock	new	GB:::3.95 GBP
PS-00279	Personalised Fishing 30th Word Art Gift – Made For You	Personalised Stuff	https://personalisedstuff.co.uk/product/fishing-30th-birthday-print/	9.99 GBP	"A Fishing 30th Birthday word art print shaped around an angler mid-cast, built from your own words.


Digital download from £9.99, or framed up to £30.99. Free preview before you buy."	https://personalisedstuff.co.uk/wp-content/uploads/2018/06/30_FISHERMAN.jpg	no	in stock	new	GB:::3.95 GBP
PS-00278	Personalised Fisherman Word Art – Customised With Your Words	Personalised Stuff	https://personalisedstuff.co.uk/product/fisherman-gift-personalised-print/	9.99 GBP	"A Fisherman word art print shaped around an angler mid-cast, built from your own words.


Digital download from £9.99, or framed up to £30.99. Free preview before you buy."	https://personalisedstuff.co.uk/wp-content/uploads/2018/05/fish.jpg	no	in stock	new	GB:::3.95 GBP
PS-00277	Dad Personalised Word Art – Custom Made Print	Personalised Stuff	https://personalisedstuff.co.uk/product/dad-personalised-print/	9.99 GBP	"A Dad word art print shaped around the word “Dad”, built from your own words.


Digital download from £9.99, or framed up to £30.99. Free preview before you buy."	https://personalisedstuff.co.uk/wp-content/uploads/2018/03/wa385_dad_orange-scaled.jpg	no	in stock	new	GB:::3.95 GBP
PS-00276	Personalised Fisherman 60th Word Art Gift – Made For You	Personalised Stuff	https://personalisedstuff.co.uk/product/fisherman-60th-birthday-print/	9.99 GBP	"A Fisherman 60th Birthday word art print shaped around an angler mid-cast, built from your own words.


Digital download from £9.99, or framed up to £30.99. Free preview before you buy."	https://personalisedstuff.co.uk/wp-content/uploads/2018/05/fish60th.jpg	no	in stock	new	GB:::3.95 GBP
PS-00275	Personalised Clumber Spaniel Personalised Wall Art – Custom Made With Your Words	Personalised Stuff	https://personalisedstuff.co.uk/product/clumber-spaniel-personalised-print/	9.99 GBP	"A Clumber Spaniel word art print built from your dog’s own name and unhurried nature — not a generic breed portrait.


Digital download from £9.99, or framed up to £30.99. Free preview before you buy."	https://personalisedstuff.co.uk/wp-content/uploads/2018/01/Clumber-Spaniel.jpg	no	in stock	new	GB:::3.95 GBP
PS-00274	Clumber Spaniel Ideas Personalised Word Art – Custom Made Print	Personalised Stuff	https://personalisedstuff.co.uk/product/clumber-spaniel-gift-print/	9.99 GBP	"A Clumber Spaniel word art print built from your dog’s own name and easy-going nature — not a generic breed portrait.


Digital download from £9.99, or framed up to £30.99. Free preview before you buy."	https://personalisedstuff.co.uk/wp-content/uploads/2018/01/Clumber-Spaniel.jpg	no	in stock	new	GB:::3.95 GBP
PS-00273	Personalised Acoustic Guitar Word Art Gift – Made For You	Personalised Stuff	https://personalisedstuff.co.uk/product/acoustic-guitar-personalised-print/	9.99 GBP	"An Acoustic Guitar word art print shaped around an acoustic guitar, built from your own words.


Digital download from £9.99, or framed up to £30.99. Free preview before you buy."	https://personalisedstuff.co.uk/wp-content/uploads/2018/04/guit1.jpg	no	in stock	new	GB:::3.95 GBP
PS-00271	Customised 60th Anniversary Gift – Personalised Word Art Print	Personalised Stuff	https://personalisedstuff.co.uk/product/wedding-anniversary-60th-print/	9.99 GBP	"A 60th Anniversary word art print shaped around a heart, built from your own words.


Digital download from £9.99, or framed up to £30.99. Free preview before you buy."	https://personalisedstuff.co.uk/wp-content/uploads/2018/03/wa384_60th-anniversary_multi-scaled.jpg	no	in stock	new	GB:::3.95 GBP
PS-00270	Personalised 50th Anniversary Name Print – Custom Word Art	Personalised Stuff	https://personalisedstuff.co.uk/product/wedding-anniversary-50th-gift-print/	9.99 GBP	"A 50th Anniversary word art print (alternative design) shaped around a heart, built from your own words.


Digital download from £9.99, or framed up to £30.99. Free preview before you buy."	https://personalisedstuff.co.uk/wp-content/uploads/2018/03/50a.jpg	no	in stock	new	GB:::3.95 GBP
PS-00269	Personalised 40th Anniversary Print – Custom Word Art Gift	Personalised Stuff	https://personalisedstuff.co.uk/product/wedding-anniversary-40th-gift-print/	9.99 GBP	"A 40th Anniversary word art print (alternative design) shaped around a heart, built from your own words.


Digital download from £9.99, or framed up to £30.99. Free preview before you buy."	https://personalisedstuff.co.uk/wp-content/uploads/2018/03/wa364_40th-anniversary_PINK-scaled.jpg	no	in stock	new	GB:::3.95 GBP
PS-00268	Customised 30th Anniversary Print – Personalised Word Art Gift	Personalised Stuff	https://personalisedstuff.co.uk/product/wedding-anniversary-30th-gift-print/	9.99 GBP	"A 30th Anniversary word art print (alternative design) shaped around a heart, built from your own words.


Digital download from £9.99, or framed up to £30.99. Free preview before you buy."	https://personalisedstuff.co.uk/wp-content/uploads/2018/03/wa354_30th-anniversary_white-scaled.jpg	no	in stock	new	GB:::3.95 GBP
PS-00267	20th Anniversary Custom Print – Personalised Word Art Design	Personalised Stuff	https://personalisedstuff.co.uk/product/wedding-anniversary-20th-print/	9.99 GBP	"A 20th Anniversary word art print shaped around a heart, built from your own words.


Digital download from £9.99, or framed up to £30.99. Free preview before you buy."	https://personalisedstuff.co.uk/wp-content/uploads/2018/03/wa345_20th-anniversary_white-scaled.jpg	no	in stock	new	GB:::3.95 GBP
PS-00266	Customised 18th Anniversary Gift – Personalised Word Art Print	Personalised Stuff	https://personalisedstuff.co.uk/product/wedding-anniversary-18th-print/	9.99 GBP	"An 18th Anniversary word art print shaped around a heart, built from your own words.


Digital download from £9.99, or framed up to £30.99. Free preview before you buy."	https://personalisedstuff.co.uk/wp-content/uploads/2018/03/wa343_18t-anniversary_white-scaled.jpg	no	in stock	new	GB:::3.95 GBP
PS-00265	Personalised Snowboarding Word Art – Customised With Your Words	Personalised Stuff	https://personalisedstuff.co.uk/product/snowboarder-personalised-print/	9.99 GBP	"A Snowboarding word art print shaped around a snowboarder mid-air, built from your own words.


Digital download from £9.99, or framed up to £30.99. Free preview before you buy."	https://personalisedstuff.co.uk/wp-content/uploads/2018/03/snowboarder_multi.jpg	no	in stock	new	GB:::3.95 GBP
PS-00264	Windsurfing Personalised Word Art – Custom Made Print	Personalised Stuff	https://personalisedstuff.co.uk/product/windsurfing-personalised-gift/	9.99 GBP	"A Windsurfing word art print (alternative design) shaped around a windsurfer mid-manoeuvre, built from your own words.


Digital download from £9.99, or framed up to £30.99. Free preview before you buy."	https://personalisedstuff.co.uk/wp-content/uploads/2018/03/wa324_windsurfing_multi-scaled.jpg	no	in stock	new	GB:::3.95 GBP
PS-00263	Customised Horse Riding Print – Personalised Word Art Gift	Personalised Stuff	https://personalisedstuff.co.uk/product/horse-and-rider-personalised-print/	9.99 GBP	"A Horse Riding word art print (alternative design) shaped around a horse and rider, built from your own words.


Digital download from £9.99, or framed up to £30.99. Free preview before you buy."	https://personalisedstuff.co.uk/wp-content/uploads/2018/03/horse.jpg	no	in stock	new	GB:::3.95 GBP
PS-00262	Customised Bowling Print – Personalised Word Art Gift	Personalised Stuff	https://personalisedstuff.co.uk/product/ten-pin-bowler-personalised-print/	9.99 GBP	"A Bowling word art print shaped around a bowler mid-release, built from your own words.


Digital download from £9.99, or framed up to £30.99. Free preview before you buy."	https://personalisedstuff.co.uk/wp-content/uploads/2018/03/wa322_bowling_black-scaled.jpg	no	in stock	new	GB:::3.95 GBP
PS-00261	Personalised Eiffel Tower Print – Custom Word Art Gift	Personalised Stuff	https://personalisedstuff.co.uk/product/eiffel-tower-gift-personalised-print/	9.99 GBP	"An Eiffel Tower word art print (alternative design) shaped around the Eiffel Tower, built from your own words.


Digital download from £9.99, or framed up to £30.99. Free preview before you buy."	https://personalisedstuff.co.uk/wp-content/uploads/2018/03/wa321_EIFFEL-TOWER_pink-scaled.jpg	no	in stock	new	GB:::3.95 GBP
PS-00260	Personalised Shoe Print – Custom Word Art Gift	Personalised Stuff	https://personalisedstuff.co.uk/product/trainer-shoe-personalised-print/	9.99 GBP	"A Shoe word art print shaped around a trainer, built from your own words.


Digital download from £9.99, or framed up to £30.99. Free preview before you buy."	https://personalisedstuff.co.uk/wp-content/uploads/2018/03/wa320_shoe_pink-scaled.jpg	no	in stock	new	GB:::3.95 GBP
PS-00259	Personalised Cat Gift – Add Your Names & Words	Personalised Stuff	https://personalisedstuff.co.uk/product/cat-gift-print/	9.99 GBP	"A Cat word art print (alternative design) shaped around a cat, built from your own words.


Digital download from £9.99, or framed up to £30.99. Free preview before you buy."	https://personalisedstuff.co.uk/wp-content/uploads/2018/03/cat.jpeg	no	in stock	new	GB:::3.95 GBP
PS-00258	Personalised Owl Wall Art – Custom Made With Your Words	Personalised Stuff	https://personalisedstuff.co.uk/product/owl-gift-print/	9.99 GBP	"An Owl word art print (alternative design) shaped around an owl, built from your own words.


Digital download from £9.99, or framed up to £30.99. Free preview before you buy."	https://personalisedstuff.co.uk/wp-content/uploads/2018/03/owl.jpeg	no	in stock	new	GB:::3.95 GBP
PS-00257	Custom Graduation Print, Personalised With Your Words	Personalised Stuff	https://personalisedstuff.co.uk/product/graduation-personalised-print/	9.99 GBP	"A Graduation word art print (alternative design) shaped around a graduation cap, built from your own words.


Digital download from £9.99, or framed up to £30.99. Free preview before you buy."	https://personalisedstuff.co.uk/wp-content/uploads/2018/03/grad1.jpg	no	in stock	new	GB:::3.95 GBP
PS-00256	Custom Skiing Print, Personalised With Your Words	Personalised Stuff	https://personalisedstuff.co.uk/product/skier-personalised-print/	9.99 GBP	"A Skiing word art print shaped around a skier mid-descent, built from your own words.


Digital download from £9.99, or framed up to £30.99. Free preview before you buy."	https://personalisedstuff.co.uk/wp-content/uploads/2018/03/wa316_skiing_blue-scaled.jpg	no	in stock	new	GB:::3.95 GBP
PS-00255	Hunting Custom Print – Personalised Word Art Design	Personalised Stuff	https://personalisedstuff.co.uk/product/hunting-gift-personalised-print/	9.99 GBP	"A Hunting word art print (alternative design) shaped around a hunter and dog, built from your own words.


Digital download from £9.99, or framed up to £30.99. Free preview before you buy."	https://personalisedstuff.co.uk/wp-content/uploads/2018/03/wa315_hunting_blue-scaled.jpg	no	in stock	new	GB:::3.95 GBP
PS-00254	Pigeon Custom Print – Personalised Word Art Design	Personalised Stuff	https://personalisedstuff.co.uk/product/racing-pigeon-personalised-print/	9.99 GBP	"A Racing Pigeon word art print shaped around a pigeon in flight, built from your own words.


Digital download from £9.99, or framed up to £30.99. Free preview before you buy."	https://personalisedstuff.co.uk/wp-content/uploads/2018/03/pigeon1.jpg	no	in stock	new	GB:::3.95 GBP
PS-00253	Motocross Personalised Word Art – Custom Made Print	Personalised Stuff	https://personalisedstuff.co.uk/product/motocross-rider-personalised-print/	9.99 GBP	"A Motocross word art print (alternative design) shaped around a rider mid-jump, built from your own words.


Digital download from £9.99, or framed up to £30.99. Free preview before you buy."	https://personalisedstuff.co.uk/wp-content/uploads/2018/03/bike1-1.jpg	no	in stock	new	GB:::3.95 GBP
PS-00252	Customised Archer Print – Personalised Word Art Gift	Personalised Stuff	https://personalisedstuff.co.uk/product/archery-personalised-print/	9.99 GBP	"An Archer word art print (alternative design) shaped around an archer at full draw, built from your own words.


Digital download from £9.99, or framed up to £30.99. Free preview before you buy."	https://personalisedstuff.co.uk/wp-content/uploads/2018/03/wa312_archer_blue-scaled.jpg	no	in stock	new	GB:::3.95 GBP
PS-00251	Personalised Dolphin Word Art Gift – Made For You	Personalised Stuff	https://personalisedstuff.co.uk/product/dolphin-gift-print/	9.99 GBP	"A Dolphin word art print (alternative design) shaped around a dolphin, built from your own words.


Digital download from £9.99, or framed up to £30.99. Free preview before you buy."	https://personalisedstuff.co.uk/wp-content/uploads/2018/03/Dolphin-2.jpeg	no	in stock	new	GB:::3.95 GBP
PS-00250	Personalised Bmx Word Art Gift – Made For You	Personalised Stuff	https://personalisedstuff.co.uk/product/bmx-rider-personalised-print/	9.99 GBP	"A BMX word art print shaped around a rider mid-jump, built from your own words.


Digital download from £9.99, or framed up to £30.99. Free preview before you buy."	https://personalisedstuff.co.uk/wp-content/uploads/2018/03/wa310_bmx_blue-scaled.jpg	no	in stock	new	GB:::3.95 GBP
PS-00249	Personalised Darts Print – Custom Word Art Gift	Personalised Stuff	https://personalisedstuff.co.uk/product/darts-player-personalised-print/	9.99 GBP	"A Darts word art print shaped around a player mid-throw, built from your own words.


Digital download from £9.99, or framed up to £30.99. Free preview before you buy."	https://personalisedstuff.co.uk/wp-content/uploads/2018/03/wa309_darts_black-scaled.jpg	no	in stock	new	GB:::3.95 GBP
PS-00248	Personalised Tennis Name Print – Custom Word Art	Personalised Stuff	https://personalisedstuff.co.uk/product/tennis-player-personalised-print/	9.99 GBP	"A Tennis word art print shaped around a player mid-serve, built from your own words.


Digital download from £9.99, or framed up to £30.99. Free preview before you buy."	https://personalisedstuff.co.uk/wp-content/uploads/2018/03/wa308_tennis_blue-scaled.jpg	no	in stock	new	GB:::3.95 GBP
PS-00247	Personalised Ladybug Gift – Add Your Names & Words	Personalised Stuff	https://personalisedstuff.co.uk/product/ladybird-personalised-print/	9.99 GBP	"A Ladybird word art print shaped around a ladybird, built from your own words.


Digital download from £9.99, or framed up to £30.99. Free preview before you buy."	https://personalisedstuff.co.uk/wp-content/uploads/2018/03/wa307_LADYBUG_red-scaled.jpg	no	in stock	new	GB:::3.95 GBP
PS-00246	Custom Violin Print, Personalised With Your Words	Personalised Stuff	https://personalisedstuff.co.uk/product/violin-gift-personalised-print/	9.99 GBP	"A Violin word art print (alternative design) shaped around a violin, built from your own words.


Digital download from £9.99, or framed up to £30.99. Free preview before you buy."	https://personalisedstuff.co.uk/wp-content/uploads/2018/03/wa306_VIOLIN_multi-scaled.jpg	no	in stock	new	GB:::3.95 GBP
PS-00245	Baseball Personalised Word Art – Custom Made Print	Personalised Stuff	https://personalisedstuff.co.uk/product/baseball-personalised-print/	9.99 GBP	"A Baseball word art print shaped around a player mid-swing, built from your own words.


Digital download from £9.99, or framed up to £30.99. Free preview before you buy."	https://personalisedstuff.co.uk/wp-content/uploads/2018/03/wa305_BASEBALL_blue-scaled.jpg	no	in stock	new	GB:::3.95 GBP
PS-00244	Personalised Shetland Sheepdog Word Art Gift – Made For You	Personalised Stuff	https://personalisedstuff.co.uk/product/shetland-sheepdog-gift-print/	9.99 GBP	"A Shetland Sheepdog word art print (alternative design) built from your dog’s own name and devotion.


Digital download from £9.99, or framed up to £30.99. Free preview before you buy."	https://personalisedstuff.co.uk/wp-content/uploads/2018/03/Shetland-Sheepdog-Brown.jpeg	no	in stock	new	GB:::3.95 GBP
PS-00243	Personalised Sealyham Terrier Print – Custom Word Art Gift	Personalised Stuff	https://personalisedstuff.co.uk/product/sealyham-terrier-gift-print/	9.99 GBP	"A Sealyham Terrier word art print built from your dog’s own name and character — not a generic breed portrait.


Digital download from £9.99, or framed up to £30.99. Free preview before you buy."	https://personalisedstuff.co.uk/wp-content/uploads/2018/03/wa303_Sealyham-Terrier_d1-scaled.jpg	no	in stock	new	GB:::3.95 GBP
PS-00242	Personalised Scottish Terrier Name Print – Custom Word Art	Personalised Stuff	https://personalisedstuff.co.uk/product/scottish-terrier-personalised-print/	9.99 GBP	"A Scottish Terrier word art print built from your dog’s own name and stubborn charm — not a generic breed portrait.


Digital download from £9.99, or framed up to £30.99. Free preview before you buy."	https://personalisedstuff.co.uk/wp-content/uploads/2018/03/wa302_SCOTTISH-TERRIER_d1-scaled.jpg	no	in stock	new	GB:::3.95 GBP
PS-00241	Personalised Scottish Deerhound Name Print – Custom Word Art	Personalised Stuff	https://personalisedstuff.co.uk/product/scottish-deerhound-gift-print/	9.99 GBP	"A Scottish Deerhound word art print built from your dog’s own name and quiet dignity — not a generic breed portrait.


Digital download from £9.99, or framed up to £30.99. Free preview before you buy."	https://personalisedstuff.co.uk/wp-content/uploads/2018/03/wa301_SCOTTISH-DEERHOUND_d1-scaled.jpg	no	in stock	new	GB:::3.95 GBP
PS-00240	Personalised Schipperke Gift – Add Your Names & Words	Personalised Stuff	https://personalisedstuff.co.uk/product/schipperke-personalised-print/	9.99 GBP	"A Schipperke word art print built from your dog’s own name and mischief — not a generic breed portrait.


Digital download from £9.99, or framed up to £30.99. Free preview before you buy."	https://personalisedstuff.co.uk/wp-content/uploads/2018/03/wa300_SCHIPPERKE_d2-scaled.jpg	no	in stock	new	GB:::3.95 GBP
PS-00239	Personalised Samoyed Wall Art – Custom Made With Your Words	Personalised Stuff	https://personalisedstuff.co.uk/product/samoyed-personalised-print/	9.99 GBP	"A Samoyed word art print built from your dog’s own name and famous smile — not a generic breed portrait.


Digital download from £9.99, or framed up to £30.99. Free preview before you buy."	https://personalisedstuff.co.uk/wp-content/uploads/2018/03/wa299_SAMOYED_d1-scaled.jpg	no	in stock	new	GB:::3.95 GBP
PS-00238	Custom Saluki Print, Personalised With Your Words	Personalised Stuff	https://personalisedstuff.co.uk/product/saluki-personalised-print/	9.99 GBP	"A Saluki word art print built from your dog’s own name and elegance — not a generic breed portrait.


Digital download from £9.99, or framed up to £30.99. Free preview before you buy."	https://personalisedstuff.co.uk/wp-content/uploads/2018/03/wa298_SALUKI_d1-scaled.jpg	no	in stock	new	GB:::3.95 GBP
PS-00237	Personalised Saint Bernard Word Art – Customised With Your Words	Personalised Stuff	https://personalisedstuff.co.uk/product/saint-bernard-gift-print/	9.99 GBP	"A Saint Bernard word art print built from your dog’s own name and gentle size — not a generic breed portrait.


Digital download from £9.99, or framed up to £30.99. Free preview before you buy."	https://personalisedstuff.co.uk/wp-content/uploads/2018/03/wa297_SAINT-BERNARD_d1-scaled.jpg	no	in stock	new	GB:::3.95 GBP
PS-00236	Rottweiler Custom Print – Personalised Word Art Design	Personalised Stuff	https://personalisedstuff.co.uk/product/rottweiler-gift-print/	9.99 GBP	"A Rottweiler word art print built from your dog’s own name and loyalty — not a generic breed portrait.


Digital download from £9.99, or framed up to £30.99. Free preview before you buy."	https://personalisedstuff.co.uk/wp-content/uploads/2018/03/wa296_ROTTWEILER_d3-scaled.jpg	no	in stock	new	GB:::3.95 GBP
PS-00235	Customised Rhodesian Ridgeback Gift – Personalised Word Art Print	Personalised Stuff	https://personalisedstuff.co.uk/product/rhodesian-ridgeback-gift-print/	9.99 GBP	"A Rhodesian Ridgeback word art print built from your dog’s own name and presence — not a generic breed portrait.


Digital download from £9.99, or framed up to £30.99. Free preview before you buy."	https://personalisedstuff.co.uk/wp-content/uploads/2018/03/wa295_RHODESIAN-RIDGEBACK_d1-scaled.jpg	no	in stock	new	GB:::3.95 GBP
PS-00234	Customised Pembroke Welsh Corgi Gift – Personalised Word Art Print	Personalised Stuff	https://personalisedstuff.co.uk/product/pembroke-welsh-corgi-gift-print/	9.99 GBP	"A Pembroke Welsh Corgi word art print built from your dog’s own name and short legs — not a generic breed portrait.


Digital download from £9.99, or framed up to £30.99. Free preview before you buy."	https://personalisedstuff.co.uk/wp-content/uploads/2018/03/Pembroke-Welsh-Corgi-Brown.jpeg	no	in stock	new	GB:::3.95 GBP
PS-00233	Pekingese Personalised Word Art – Custom Made Print	Personalised Stuff	https://personalisedstuff.co.uk/product/pekingese-gift-print/	9.99 GBP	"A Pekingese word art print built from your dog’s own name and regal attitude — not a generic breed portrait.


Digital download from £9.99, or framed up to £30.99. Free preview before you buy."	https://personalisedstuff.co.uk/wp-content/uploads/2018/03/wa293_PEKINGESE_d1-scaled.jpg	no	in stock	new	GB:::3.95 GBP
PS-00232	Customised Papillon Print – Personalised Word Art Gift	Personalised Stuff	https://personalisedstuff.co.uk/product/papillon-personalised-print/	9.99 GBP	"A Papillon word art print built from your dog’s own name and butterfly ears — not a generic breed portrait.


Digital download from £9.99, or framed up to £30.99. Free preview before you buy."	https://personalisedstuff.co.uk/wp-content/uploads/2018/03/wa292_PAPILLON_d2-scaled.jpg	no	in stock	new	GB:::3.95 GBP
PS-00231	Personalised Otterhound Word Art Gift – Made For You	Personalised Stuff	https://personalisedstuff.co.uk/product/otterhound-gift-print/	9.99 GBP	"An Otterhound word art print built from your dog’s own name and shaggy charm — not a generic breed portrait.


Digital download from £9.99, or framed up to £30.99. Free preview before you buy."	https://personalisedstuff.co.uk/wp-content/uploads/2018/03/wa291_OTTERHOUND_d2-scaled.jpg	no	in stock	new	GB:::3.95 GBP
PS-00230	Personalised Old English Sheepdog Print – Custom Word Art Gift	Personalised Stuff	https://personalisedstuff.co.uk/product/old-english-sheepdog-personalised-print/	9.99 GBP	"An Old English Sheepdog word art print built from your dog’s own name and shaggy charm — not a generic breed portrait.


Digital download from £9.99, or framed up to £30.99. Free preview before you buy."	https://personalisedstuff.co.uk/wp-content/uploads/2018/03/wa290_OLD-ENGLISH-SHEEPDOG_d1-scaled.jpg	no	in stock	new	GB:::3.95 GBP
PS-00229	Personalised Norwich Terrier Name Print – Custom Word Art	Personalised Stuff	https://personalisedstuff.co.uk/product/norwich-terrier-gift-print/	9.99 GBP	"A Norwich Terrier word art print built from your dog’s own name and spirit — not a generic breed portrait.


Digital download from £9.99, or framed up to £30.99. Free preview before you buy."	https://personalisedstuff.co.uk/wp-content/uploads/2018/03/wa289_NORWICH-TERRIER_d1-scaled.jpg	no	in stock	new	GB:::3.95 GBP
PS-00228	Personalised Norwegian Elkhound Gift – Add Your Names & Words	Personalised Stuff	https://personalisedstuff.co.uk/product/norwegian-elkhound-gift-print/	9.99 GBP	"A Norwegian Elkhound word art print built from your dog’s own name and character — not a generic breed portrait.


Digital download from £9.99, or framed up to £30.99. Free preview before you buy."	https://personalisedstuff.co.uk/wp-content/uploads/2018/03/wa288_NORWEGIAN-ELKHOUND_d1-scaled.jpg	no	in stock	new	GB:::3.95 GBP
PS-00227	Personalised Norfolk Terrier Wall Art – Custom Made With Your Words	Personalised Stuff	https://personalisedstuff.co.uk/product/norfolk-terrier-gift-print/	9.99 GBP	"A Norfolk Terrier word art print built from your dog’s own name and spirit — not a generic breed portrait.


Digital download from £9.99, or framed up to £30.99. Free preview before you buy."	https://personalisedstuff.co.uk/wp-content/uploads/2018/03/Norfolk-Terrier-Brown.jpeg	no	in stock	new	GB:::3.95 GBP
PS-00226	Custom Newfoundland Print, Personalised With Your Words	Personalised Stuff	https://personalisedstuff.co.uk/product/newfoundland-gift-print/	9.99 GBP	"A Newfoundland word art print built from your dog’s own name and gentle size — not a generic breed portrait.


Digital download from £9.99, or framed up to £30.99. Free preview before you buy."	https://personalisedstuff.co.uk/wp-content/uploads/2018/03/wa286_NEWFOUNDLAND_d2-scaled.jpg	no	in stock	new	GB:::3.95 GBP
PS-00225	Personalised Miniature Schnauzer Word Art – Customised With Your Words	Personalised Stuff	https://personalisedstuff.co.uk/product/miniature-schnauzer-gift-print/	9.99 GBP	"A Miniature Schnauzer word art print built from your dog’s own name and character — not a generic breed portrait.


Digital download from £9.99, or framed up to £30.99. Free preview before you buy."	https://personalisedstuff.co.uk/wp-content/uploads/2018/03/wa285_MINIATURE-SCHNAUZER_d3-scaled.jpg	no	in stock	new	GB:::3.95 GBP
PS-00224	Puli Custom Print – Personalised Word Art Design	Personalised Stuff	https://personalisedstuff.co.uk/product/puli-personalised-print/	9.99 GBP	"A Puli word art print built from your dog’s own name and unmistakable coat — not a generic breed portrait.


Digital download from £9.99, or framed up to £30.99. Free preview before you buy."	https://personalisedstuff.co.uk/wp-content/uploads/2018/03/wa284_PULI_d1-scaled.jpg	no	in stock	new	GB:::3.95 GBP
PS-00223	Customised Pug Gift – Personalised Word Art Print	Personalised Stuff	https://personalisedstuff.co.uk/product/pug-personalised-print/	9.99 GBP	"A Pug word art print built from your dog’s own name and personality — not a generic breed portrait.


Digital download from £9.99, or framed up to £30.99. Free preview before you buy."	https://personalisedstuff.co.uk/wp-content/uploads/2018/03/wa283_PUG_d1-scaled.jpg	no	in stock	new	GB:::3.95 GBP
PS-00222	Customised Portuguese Water Dog Gift – Personalised Word Art Print	Personalised Stuff	https://personalisedstuff.co.uk/product/portuguese-water-dog-personalised-print/	9.99 GBP	"A Portuguese Water Dog word art print built from your dog’s own name and love of water — not a generic breed portrait.


Digital download from £9.99, or framed up to £30.99. Free preview before you buy."	https://personalisedstuff.co.uk/wp-content/uploads/2018/03/wa282_PORTUGUESE-WATER-DOG_d2-scaled.jpg	no	in stock	new	GB:::3.95 GBP
PS-00221	Poodle Toy Personalised Word Art – Custom Made Print	Personalised Stuff	https://personalisedstuff.co.uk/product/poodle-toy-personalised-print/	9.99 GBP	"A Toy Poodle word art print built from your dog’s own name and personality — not a generic breed portrait.


Digital download from £9.99, or framed up to £30.99. Free preview before you buy."	https://personalisedstuff.co.uk/wp-content/uploads/2018/03/wa281_POODLE-TOY_d1-scaled.jpg	no	in stock	new	GB:::3.95 GBP
PS-00220	Customised Poodle Standard Print – Personalised Word Art Gift	Personalised Stuff	https://personalisedstuff.co.uk/product/poodle-standard-gift-print/	9.99 GBP	"A Standard Poodle word art print built from your dog’s own name and elegance — not a generic breed portrait.


Digital download from £9.99, or framed up to £30.99. Free preview before you buy."	https://personalisedstuff.co.uk/wp-content/uploads/2018/03/wa280_POODLE-STANDARD_d1-scaled.jpg	no	in stock	new	GB:::3.95 GBP
PS-00219	Personalised Poodle Miniature Word Art Gift – Made For You	Personalised Stuff	https://personalisedstuff.co.uk/product/poodle-miniature-gift-print/	9.99 GBP	"A Miniature Poodle word art print built from your dog’s own name and character — not a generic breed portrait.


Digital download from £9.99, or framed up to £30.99. Free preview before you buy."	https://personalisedstuff.co.uk/wp-content/uploads/2018/03/wa279_POODLE-MINIATURE_d1-scaled.jpg	no	in stock	new	GB:::3.95 GBP
PS-00218	Personalised Pomeranian Print – Custom Word Art Gift	Personalised Stuff	https://personalisedstuff.co.uk/product/pomeranian-personalised-print/	9.99 GBP	"A Pomeranian word art print built from your dog’s own name and fluffy personality — not a generic breed portrait.


Digital download from £9.99, or framed up to £30.99. Free preview before you buy."	https://personalisedstuff.co.uk/wp-content/uploads/2018/03/wa278_POMERANIAN_d2-scaled.jpg	no	in stock	new	GB:::3.95 GBP
PS-00217	Personalised Pointer Gift – Add Your Names & Words	Personalised Stuff	https://personalisedstuff.co.uk/product/pointer-personalised-print/	9.99 GBP	"A Pointer word art print built from your dog’s own name and drive — not a generic breed portrait.


Digital download from £9.99, or framed up to £30.99. Free preview before you buy."	https://personalisedstuff.co.uk/wp-content/uploads/2018/03/Pointer-Brown.jpeg	no	in stock	new	GB:::3.95 GBP
PS-00216	Personalised Pharaoh Hound Gift – Add Your Names & Words	Personalised Stuff	https://personalisedstuff.co.uk/product/pharaoh-hound-gift-print/	9.99 GBP	"A Pharaoh Hound word art print built from your dog’s own name and elegance — not a generic breed portrait.


Digital download from £9.99, or framed up to £30.99. Free preview before you buy."	https://personalisedstuff.co.uk/wp-content/uploads/2018/03/wa276_PHARAOH-HOUND_d1-scaled.jpg	no	in stock	new	GB:::3.95 GBP
PS-00215	Personalised Petit Basset Griffon Vendeen Wall Art – Custom Made With Your Words	Personalised Stuff	https://personalisedstuff.co.uk/product/petit-basset-griffon-vendeen-gift-print/	9.99 GBP	"A Petit Basset Griffon Vendéen word art print built from your dog’s own name and shaggy charm — not a generic breed portrait.


Digital download from £9.99, or framed up to £30.99. Free preview before you buy."	https://personalisedstuff.co.uk/wp-content/uploads/2018/03/wa275_PETIT-BASSET-GRIFFON-VENDEEN_d2-scaled.jpg	no	in stock	new	GB:::3.95 GBP
PS-00214	Personalised Miniature Pinscher Word Art – Customised With Your Words	Personalised Stuff	https://personalisedstuff.co.uk/product/miniature-pinscher-gift-print/	9.99 GBP	"A Miniature Pinscher word art print (alternative design) built from your dog’s own name and fearless attitude.


Digital download from £9.99, or framed up to £30.99. Free preview before you buy."	https://personalisedstuff.co.uk/wp-content/uploads/2018/03/wa274_MINIATURE-PINSCHER_d2-scaled.jpg	no	in stock	new	GB:::3.95 GBP
PS-00213	Personalised Miniature Bull Terrier Word Art – Customised With Your Words	Personalised Stuff	https://personalisedstuff.co.uk/product/miniature-bull-terrier-gift-print/	9.99 GBP	"A Miniature Bull Terrier word art print built from your dog’s own name and egg-shaped head — not a generic breed portrait.


Digital download from £9.99, or framed up to £30.99. Free preview before you buy."	https://personalisedstuff.co.uk/wp-content/uploads/2018/03/wa273_MINIATURE-BULL-TERRIER_d1-scaled.jpg	no	in stock	new	GB:::3.95 GBP
PS-00212	Mastiff Custom Print – Personalised Word Art Design	Personalised Stuff	https://personalisedstuff.co.uk/product/mastiff-personalised-print/	9.99 GBP	"A Mastiff word art print built from your dog’s own name and gentle size — not a generic breed portrait.


Digital download from £9.99, or framed up to £30.99. Free preview before you buy."	https://personalisedstuff.co.uk/wp-content/uploads/2018/03/wa272_MASTIFF_d2-scaled.jpg	no	in stock	new	GB:::3.95 GBP
PS-00211	Customised Manchester Terrier Toy Gift – Personalised Word Art Print	Personalised Stuff	https://personalisedstuff.co.uk/product/manchester-terrier-toy-gift-print/	9.99 GBP	"A Toy Manchester Terrier word art print built from your dog’s own name and sharp looks — not a generic breed portrait.


Digital download from £9.99, or framed up to £30.99. Free preview before you buy."	https://personalisedstuff.co.uk/wp-content/uploads/2018/03/wa271_MANCHESTER-TERRIER-TOY_d1-scaled.jpg	no	in stock	new	GB:::3.95 GBP
PS-00210	Customised Kuvasz Gift – Personalised Word Art Print	Personalised Stuff	https://personalisedstuff.co.uk/product/kuvasz-personalised-print/	9.99 GBP	"A Kuvasz word art print built from your dog’s own name and presence — not a generic breed portrait.


Digital download from £9.99, or framed up to £30.99. Free preview before you buy."	https://personalisedstuff.co.uk/wp-content/uploads/2018/03/wa270_KUVASZ_d2-scaled.jpg	no	in stock	new	GB:::3.95 GBP
PS-00209	Maltese Dog Personalised Word Art – Custom Made Print	Personalised Stuff	https://personalisedstuff.co.uk/product/maltese-dog-personalised-print/	9.99 GBP	"A Maltese word art print built from your dog’s own name and elegance — not a generic breed portrait.


Digital download from £9.99, or framed up to £30.99. Free preview before you buy."	https://personalisedstuff.co.uk/wp-content/uploads/2018/03/wa269_MALTESE_d2-scaled.jpg	no	in stock	new	GB:::3.95 GBP
PS-00208	Customised Lowchen Print – Personalised Word Art Gift	Personalised Stuff	https://personalisedstuff.co.uk/product/lowchen-personalised-print/	9.99 GBP	"A Löwchen word art print built from your dog’s own name and character — not a generic breed portrait.


Digital download from £9.99, or framed up to £30.99. Free preview before you buy."	https://personalisedstuff.co.uk/wp-content/uploads/2018/02/wa268_LOWCHEN_d2-scaled.jpg	no	in stock	new	GB:::3.95 GBP
PS-00207	Personalised Lhasa Apso Word Art Gift – Made For You	Personalised Stuff	https://personalisedstuff.co.uk/product/lhasa-apso-personalised-print/	9.99 GBP	"A Lhasa Apso word art print built from your dog’s own name and character — not a generic breed portrait.


Digital download from £9.99, or framed up to £30.99. Free preview before you buy."	https://personalisedstuff.co.uk/wp-content/uploads/2018/02/wa267_LHASA-APSO_d1-scaled.jpg	no	in stock	new	GB:::3.95 GBP
PS-00206	Personalised Lakeland Terrier Print – Custom Word Art Gift	Personalised Stuff	https://personalisedstuff.co.uk/product/lakeland-terrier-gift-print/	9.99 GBP	"A Lakeland Terrier word art print built from your dog’s own name and grit — not a generic breed portrait.


Digital download from £9.99, or framed up to £30.99. Free preview before you buy."	https://personalisedstuff.co.uk/wp-content/uploads/2018/02/wa266_LAKELAND-TERRIER_d2-scaled.jpg	no	in stock	new	GB:::3.95 GBP
PS-00205	Personalised Labrador Retriever Gift – Add Your Names & Words	Personalised Stuff	https://personalisedstuff.co.uk/product/labrador-retriever-gift-print/	9.99 GBP	"A Labrador Retriever word art print built from your dog’s own name and character — not a generic breed portrait.


Digital download from £9.99, or framed up to £30.99. Free preview before you buy."	https://personalisedstuff.co.uk/wp-content/uploads/2018/02/wa265_LABRADOR-RETRIEVER_d1-scaled.jpg	no	in stock	new	GB:::3.95 GBP
PS-00204	Customised Cyclist Gift – Personalised Word Art Print	Personalised Stuff	https://personalisedstuff.co.uk/product/cyclist-personalised-word-art/	9.99 GBP	"A Cyclist word art print (alternative design) shaped around a cyclist mid-ride, built from your own words.


Digital download from £9.99, or framed up to £30.99. Free preview before you buy."	https://personalisedstuff.co.uk/wp-content/uploads/2018/03/wa264_cyclist_multi-scaled.jpg	no	in stock	new	GB:::3.95 GBP
PS-00203	Customised Pregnancy Gift – Personalised Word Art Print	Personalised Stuff	https://personalisedstuff.co.uk/product/pregnancy-personalised-print/	9.99 GBP	"A Pregnancy word art print shaped around a pregnant silhouette, built from your own words.


Digital download from £9.99, or framed up to £30.99. Free preview before you buy."	https://personalisedstuff.co.uk/wp-content/uploads/2018/03/wa263_pregnancy-scaled.jpg	no	in stock	new	GB:::3.95 GBP
PS-00202	Personalised Baby Word Art Gift – Made For You	Personalised Stuff	https://personalisedstuff.co.uk/product/new-baby-personalised-print/	9.99 GBP	"A Baby word art print shaped around a bootie, built from your own words.


Digital download from £9.99, or framed up to £30.99. Free preview before you buy."	https://personalisedstuff.co.uk/wp-content/uploads/2018/03/wa260_baby-scaled.jpg	no	in stock	new	GB:::3.95 GBP
PS-00201	Golf 80th Custom Print – Personalised Word Art Design	Personalised Stuff	https://personalisedstuff.co.uk/product/golfer-80th-birthday-print/	9.99 GBP	"A Golfer 80th Birthday word art print shaped around a golfer mid-swing, built from your own words.


Digital download from £9.99, or framed up to £30.99. Free preview before you buy."	https://personalisedstuff.co.uk/wp-content/uploads/2018/03/80-1-1.jpg	no	in stock	new	GB:::3.95 GBP
PS-00200	Customised Mum & Daughter Gift – Personalised Word Art Print	Personalised Stuff	https://personalisedstuff.co.uk/product/mum-and-daughter-gift-print/	9.99 GBP	"A Mum & Daughter word art print (alternative design) shaped around a mother and daughter, built from your own words.


Digital download from £9.99, or framed up to £30.99. Free preview before you buy."	https://personalisedstuff.co.uk/wp-content/uploads/2018/03/wa258_mum_and_daughter-scaled.jpg	no	in stock	new	GB:::3.95 GBP
PS-00199	Customised Wine Glass Gift – Personalised Word Art Print	Personalised Stuff	https://personalisedstuff.co.uk/product/wine-glass-alternative-personalised-print/	9.99 GBP	"A Wine Glass word art print (alternative design) shaped around a wine glass, built from your own words.


Digital download from £9.99, or framed up to £30.99. Free preview before you buy."	https://personalisedstuff.co.uk/wp-content/uploads/2018/02/wine1.jpg	no	in stock	new	GB:::3.95 GBP
PS-00198	Personalised Champagne Word Art – Customised With Your Words	Personalised Stuff	https://personalisedstuff.co.uk/product/champagne-bottle-personalised-print/	9.99 GBP	"A Champagne word art print (alternative design) shaped around a champagne bottle, built from your own words.


Digital download from £9.99, or framed up to £30.99. Free preview before you buy."	https://personalisedstuff.co.uk/wp-content/uploads/2018/02/champ3.jpg	no	in stock	new	GB:::3.95 GBP
PS-00197	Personalised Mum Word Art Gift – Made For You	Personalised Stuff	https://personalisedstuff.co.uk/product/mum-gift-personalised-print/	9.99 GBP	"A Mum word art print (alternative design) shaped around the word “Mum”, built from your own words.


Digital download from £9.99, or framed up to £30.99. Free preview before you buy."	https://personalisedstuff.co.uk/wp-content/uploads/2018/03/wa255_mum-scaled.jpg	no	in stock	new	GB:::3.95 GBP
PS-00196	Personalised Love Hearts Wall Art – Custom Made With Your Words	Personalised Stuff	https://personalisedstuff.co.uk/product/love-hearts-personalised-print/	9.99 GBP	"A Love Hearts word art print shaped around two overlapping hearts, built from your own words.


Digital download from £9.99, or framed up to £30.99. Free preview before you buy."	https://personalisedstuff.co.uk/wp-content/uploads/2018/04/love3-scaled.jpg	no	in stock	new	GB:::3.95 GBP
PS-00195	Love Heart Personalised Word Art – Custom Made Print	Personalised Stuff	https://personalisedstuff.co.uk/product/love-heart-gift-personalised-print/	9.99 GBP	"A Love Heart word art print (alternative design) shaped around a heart, built from your own words.


Digital download from £9.99, or framed up to £30.99. Free preview before you buy."	https://personalisedstuff.co.uk/wp-content/uploads/2018/02/heart2.jpg	no	in stock	new	GB:::3.95 GBP
PS-00194	Personalised Manchester Terrier Standard Name Print – Custom Word Art	Personalised Stuff	https://personalisedstuff.co.uk/product/manchester-terrier-standard-gift-print/	9.99 GBP	"A Manchester Terrier word art print built from your dog’s own name and sleek looks — not a generic breed portrait.


Digital download from £9.99, or framed up to £30.99. Free preview before you buy."	https://personalisedstuff.co.uk/wp-content/uploads/2018/03/wa252_Manchester-Terrier_Standard_d3-scaled.jpg	no	in stock	new	GB:::3.95 GBP
PS-00193	Komondor Custom Print – Personalised Word Art Design	Personalised Stuff	https://personalisedstuff.co.uk/product/komondor-personalised-print/	9.99 GBP	"A Komondor word art print built from your dog’s own name and unmistakable coat — not a generic breed portrait.


Digital download from £9.99, or framed up to £30.99. Free preview before you buy."	https://personalisedstuff.co.uk/wp-content/uploads/2018/03/wa251_KOMONDOR_d2-scaled.jpg	no	in stock	new	GB:::3.95 GBP
PS-00192	Personalised Kerry Blue Terrier Word Art Gift – Made For You	Personalised Stuff	https://personalisedstuff.co.uk/product/kerry-blue-terrier-gift-print/	9.99 GBP	"A Kerry Blue Terrier word art print built from your dog’s own name and colour — not a generic breed portrait.


Digital download from £9.99, or framed up to £30.99. Free preview before you buy."	https://personalisedstuff.co.uk/wp-content/uploads/2018/03/wa250_KERRY-BLUE-TERRIER_d1-scaled.jpg	no	in stock	new	GB:::3.95 GBP
PS-00191	Custom Keeshond Print, Personalised With Your Words	Personalised Stuff	https://personalisedstuff.co.uk/product/keeshond-personalised-print/	9.99 GBP	"A Keeshond word art print built from your dog’s own name and fluff — not a generic breed portrait.


Digital download from £9.99, or framed up to £30.99. Free preview before you buy."	https://personalisedstuff.co.uk/wp-content/uploads/2018/03/wa249_KEESHOND_d2-scaled.jpg	no	in stock	new	GB:::3.95 GBP
PS-00190	Japanese Chin Personalised Word Art – Custom Made Print	Personalised Stuff	https://personalisedstuff.co.uk/product/japanese-chin-personalised-print/	9.99 GBP	"A Japanese Chin word art print built from your dog’s own name and elegance — not a generic breed portrait.


Digital download from £9.99, or framed up to £30.99. Free preview before you buy."	https://personalisedstuff.co.uk/wp-content/uploads/2018/03/wa248_JAPANESE-CHIN_d1-scaled.jpg	no	in stock	new	GB:::3.95 GBP
PS-00189	Personalised Jack Russell Terrier Gift – Add Your Names & Words	Personalised Stuff	https://personalisedstuff.co.uk/product/jack-russell-terrier-gift-print/	9.99 GBP	"A Jack Russell Terrier word art print built from your dog’s own name and energy — not a generic breed portrait.


Digital download from £9.99, or framed up to £30.99. Free preview before you buy."	https://personalisedstuff.co.uk/wp-content/uploads/2018/03/wa247_JACK-RUSSELL-TERRIER_d1-scaled.jpg	no	in stock	new	GB:::3.95 GBP
PS-00188	Personalised Irish Wolfhound Print – Custom Word Art Gift	Personalised Stuff	https://personalisedstuff.co.uk/product/irish-wolfhound-gift-print/	9.99 GBP	"An Irish Wolfhound word art print built from your dog’s own name and gentle size — not a generic breed portrait.


Digital download from £9.99, or framed up to £30.99. Free preview before you buy."	https://personalisedstuff.co.uk/wp-content/uploads/2018/03/wa245_IRISH-WOLFHOUND_d2-scaled.jpeg	no	in stock	new	GB:::3.95 GBP
PS-00187	Personalised Irish Water Spaniel Word Art – Customised With Your Words	Personalised Stuff	https://personalisedstuff.co.uk/product/irish-water-spaniel-gift-print/	9.99 GBP	"An Irish Water Spaniel word art print built from your dog’s own name and curls — not a generic breed portrait.


Digital download from £9.99, or framed up to £30.99. Free preview before you buy."	https://personalisedstuff.co.uk/wp-content/uploads/2018/03/wa244_IRISH-WATER-SPANIEL_d2-scaled.jpeg	no	in stock	new	GB:::3.95 GBP
PS-00186	Personalised Irish Terrier Word Art Gift – Made For You	Personalised Stuff	https://personalisedstuff.co.uk/product/irish-terrier-gift-print/	9.99 GBP	"An Irish Terrier word art print built from your dog’s own name and spirit — not a generic breed portrait.


Digital download from £9.99, or framed up to £30.99. Free preview before you buy."	https://personalisedstuff.co.uk/wp-content/uploads/2018/03/wa243_IRISH-TERRIER_d2-scaled.jpeg	no	in stock	new	GB:::3.95 GBP
PS-00185	Custom Irish Setter Print, Personalised With Your Words	Personalised Stuff	https://personalisedstuff.co.uk/product/irish-setter-personalised-print/	9.99 GBP	"An Irish Setter word art print built from your dog’s own name and colouring — not a generic breed portrait.


Digital download from £9.99, or framed up to £30.99. Free preview before you buy."	https://personalisedstuff.co.uk/wp-content/uploads/2018/01/wa242_IRISH-SETTER_d3-scaled.jpeg	no	in stock	new	GB:::3.95 GBP
PS-00184	Customised Ibizan Hound Gift – Personalised Word Art Print	Personalised Stuff	https://personalisedstuff.co.uk/product/ibizan-hound-personalised-print/	9.99 GBP	"An Ibizan Hound word art print built from your dog’s own name and elegance — not a generic breed portrait.


Digital download from £9.99, or framed up to £30.99. Free preview before you buy."	https://personalisedstuff.co.uk/wp-content/uploads/2018/03/wa241_IBIZAN-HOUND_d2-scaled.jpeg	no	in stock	new	GB:::3.95 GBP
PS-00183	Personalised Havanese Name Print – Custom Word Art	Personalised Stuff	https://personalisedstuff.co.uk/product/havanese-personalised-print/	9.99 GBP	"A Havanese word art print built from your dog’s own name and personality — not a generic breed portrait.


Digital download from £9.99, or framed up to £30.99. Free preview before you buy."	https://personalisedstuff.co.uk/wp-content/uploads/2018/03/wa240_HAVANESE_d3-scaled.jpeg	no	in stock	new	GB:::3.95 GBP
PS-00182	Personalised Greyhound Word Art Gift – Made For You	Personalised Stuff	https://personalisedstuff.co.uk/product/greyhound-personalised-print/	9.99 GBP	"A Greyhound word art print built from your dog’s own name and character — not a generic breed portrait.


Digital download from £9.99, or framed up to £30.99. Free preview before you buy."	https://personalisedstuff.co.uk/wp-content/uploads/2018/03/wa238_GREYHOUND_d3-scaled.jpeg	no	in stock	new	GB:::3.95 GBP
PS-00181	Custom Greater Swiss Mountain Dog Print, Personalised With Your Words	Personalised Stuff	https://personalisedstuff.co.uk/product/greater-swiss-mountain-dog-personalised-print/	9.99 GBP	"A Greater Swiss Mountain Dog word art print built from your dog’s own name and gentle size — not a generic breed portrait.


Digital download from £9.99, or framed up to £30.99. Free preview before you buy."	https://personalisedstuff.co.uk/wp-content/uploads/2018/03/wa237_GREATER-SWISS-MOUNTAIN_d2-scaled.jpeg	no	in stock	new	GB:::3.95 GBP
PS-00180	Great Pyrenees Personalised Word Art – Custom Made Print	Personalised Stuff	https://personalisedstuff.co.uk/product/great-pyrenees-personalised-print/	9.99 GBP	"A Great Pyrenees word art print built from your dog’s own name and presence — not a generic breed portrait.


Digital download from £9.99, or framed up to £30.99. Free preview before you buy."	https://personalisedstuff.co.uk/wp-content/uploads/2018/03/wa236_GREAT-PYRENEES_d3-scaled.jpeg	no	in stock	new	GB:::3.95 GBP
PS-00179	Personalised Great Dane Wall Art – Custom Made With Your Words	Personalised Stuff	https://personalisedstuff.co.uk/product/great-dane-gift-print/	9.99 GBP	"A Great Dane word art print built from your dog’s own name and gentle size — not a generic breed portrait.


Digital download from £9.99, or framed up to £30.99. Free preview before you buy."	https://personalisedstuff.co.uk/wp-content/uploads/2018/03/wa235_GREAT-DANE_d1-scaled.jpeg	no	in stock	new	GB:::3.95 GBP
PS-00178	Custom Gordon Setter Word Art – Personalised With Your Own Words	Personalised Stuff	https://personalisedstuff.co.uk/product/gordon-setter-personalised-print/	9.99 GBP	"A Gordon Setter word art print built from your dog’s own name and character — not a generic breed portrait.


Digital download from £9.99, or framed up to £30.99. Free preview before you buy."	https://personalisedstuff.co.uk/wp-content/uploads/2018/03/wa234_GORDON-SETTER_d1-1-scaled.jpeg	no	in stock	new	GB:::3.95 GBP
PS-00177	Personalised Golden Retriever Print – Custom Word Art Gift	Personalised Stuff	https://personalisedstuff.co.uk/product/golden-retriever-gift-print/	9.99 GBP	"A Golden Retriever word art print built from your dog’s own name and warmth — not a generic breed portrait.


Digital download from £9.99, or framed up to £30.99. Free preview before you buy."	https://personalisedstuff.co.uk/wp-content/uploads/2018/03/wa233_GOLDEN-RETRIEVER_d2-1-scaled.jpeg	no	in stock	new	GB:::3.95 GBP
PS-00176	Giant Schnauzer Custom Print – Personalised Word Art Design	Personalised Stuff	https://personalisedstuff.co.uk/product/giant-schnauzer-gift-print/	9.99 GBP	"A Giant Schnauzer word art print built from your dog’s own name and presence — not a generic breed portrait.


Digital download from £9.99, or framed up to £30.99. Free preview before you buy."	https://personalisedstuff.co.uk/wp-content/uploads/2018/03/wa232_GIANT-SCHNAUZER_d3-scaled.jpeg	no	in stock	new	GB:::3.95 GBP
PS-00175	Customised German Wirehaired Pointer Print – Personalised Word Art Gift	Personalised Stuff	https://personalisedstuff.co.uk/product/german-wirehaired-pointer-personalised-print/	9.99 GBP	"A German Wirehaired Pointer word art print built from your dog’s own name and character — not a generic breed portrait.


Digital download from £9.99, or framed up to £30.99. Free preview before you buy."	https://personalisedstuff.co.uk/wp-content/uploads/2018/03/wa231_GERMAN-WIREHAIRED-POINTER_d2-scaled.jpeg	no	in stock	new	GB:::3.95 GBP
PS-00174	Personalised German Shorthaired Pointer Wall Art – Custom Made With Your Words	Personalised Stuff	https://personalisedstuff.co.uk/product/german-shorthaired-pointer-gift-print/	9.99 GBP	"A German Shorthaired Pointer word art print built from your dog’s own name and drive — not a generic breed portrait.


Digital download from £9.99, or framed up to £30.99. Free preview before you buy."	https://personalisedstuff.co.uk/wp-content/uploads/2018/03/wa230_GERMAN-SHORTHAIRED-POINTER_d3-scaled.jpeg	no	in stock	new	GB:::3.95 GBP
PS-00173	German Shepherd Dog Personalised Word Art – Custom Made Print	Personalised Stuff	https://personalisedstuff.co.uk/product/german-shepherd-gift-print/	9.99 GBP	"A German Shepherd word art print built from your dog’s own name and loyalty — not a generic breed portrait.


Digital download from £9.99, or framed up to £30.99. Free preview before you buy."	https://personalisedstuff.co.uk/wp-content/uploads/2018/03/wa229_GERMAN-SHEPHERD-DOG_d1-scaled.jpeg	no	in stock	new	GB:::3.95 GBP
PS-00172	Personalised French Bulldog Name Print – Custom Word Art	Personalised Stuff	https://personalisedstuff.co.uk/product/french-bulldog-personalised-print/	9.99 GBP	"A French Bulldog word art print built from your dog’s own name and comic timing — not a generic breed portrait.


Digital download from £9.99, or framed up to £30.99. Free preview before you buy."	https://personalisedstuff.co.uk/wp-content/uploads/2018/03/wa228_FRENCH-BULLDOG_d1-scaled.jpeg	no	in stock	new	GB:::3.95 GBP
PS-00171	Flat-coated Retriever Custom Print – Personalised Word Art Design	Personalised Stuff	https://personalisedstuff.co.uk/product/flat-coated-retriever-personalised-print/	9.99 GBP	"A Flat-Coated Retriever word art print built from your dog’s own name and personality — not a generic breed portrait.


Digital download from £9.99, or framed up to £30.99. Free preview before you buy."	https://personalisedstuff.co.uk/wp-content/uploads/2018/03/wa227_FLAT-COATED-RETRIEVER_d2-scaled.jpeg	no	in stock	new	GB:::3.95 GBP
PS-00170	Personalised Finnish Spitz Word Art Gift – Made For You	Personalised Stuff	https://personalisedstuff.co.uk/product/finnish-spitz-personalised-print/	9.99 GBP	"A Finnish Spitz word art print built from your dog’s own name and voice — not a generic breed portrait.


Digital download from £9.99, or framed up to £30.99. Free preview before you buy."	https://personalisedstuff.co.uk/wp-content/uploads/2018/03/wa226_FINNISH-SPITZ_d3-scaled.jpeg	no	in stock	new	GB:::3.95 GBP
PS-00169	Custom Field Spaniel Print, Personalised With Your Words	Personalised Stuff	https://personalisedstuff.co.uk/product/field-spaniel-personalised-print/	9.99 GBP	"A Field Spaniel word art print built from your dog’s own name and character — not a generic breed portrait.


Digital download from £9.99, or framed up to £30.99. Free preview before you buy."	https://personalisedstuff.co.uk/wp-content/uploads/2018/03/wa225_FIELD-SPANIEL_d2-scaled.jpeg	no	in stock	new	GB:::3.95 GBP
PS-00168	English Toy Spaniel Personalised Word Art – Custom Made Print	Personalised Stuff	https://personalisedstuff.co.uk/product/english-toy-spaniel-personalised-print/	9.99 GBP	"An English Toy Spaniel word art print built from your dog’s own name and warmth — not a generic breed portrait.


Digital download from £9.99, or framed up to £30.99. Free preview before you buy."	https://personalisedstuff.co.uk/wp-content/uploads/2018/03/wa224_ENGLISH-TOY-SPANIEL_d1-scaled.jpeg	no	in stock	new	GB:::3.95 GBP
PS-00167	Personalised English Springer Spaniel Gift – Add Your Names & Words	Personalised Stuff	https://personalisedstuff.co.uk/product/english-springer-spaniel-gift-print/	9.99 GBP	"An English Springer Spaniel word art print built from your dog’s own name and energy — not a generic breed portrait.


Digital download from £9.99, or framed up to £30.99. Free preview before you buy."	https://personalisedstuff.co.uk/wp-content/uploads/2018/03/wa223_ENGLISH-SPRINGER-SPANIEL_d2-scaled.jpeg	no	in stock	new	GB:::3.95 GBP
PS-00166	Custom English Setter Word Art – Personalised With Your Own Words	Personalised Stuff	https://personalisedstuff.co.uk/product/english-setter-personalised-print/	9.99 GBP	"An English Setter word art print built from your dog’s own name and elegance — not a generic breed portrait.


Digital download from £9.99, or framed up to £30.99. Free preview before you buy."	https://personalisedstuff.co.uk/wp-content/uploads/2018/03/wa222_ENGLISH-SETTER_d1-scaled.jpeg	no	in stock	new	GB:::3.95 GBP
PS-00165	Personalised English Foxhound Name Print – Custom Word Art	Personalised Stuff	https://personalisedstuff.co.uk/product/english-foxhound-gift-print/	9.99 GBP	"An English Foxhound word art print built from your dog’s own name and character — not a generic breed portrait.


Digital download from £9.99, or framed up to £30.99. Free preview before you buy."	https://personalisedstuff.co.uk/wp-content/uploads/2018/03/wa221_ENGLISH-FOXHOUND_d2-scaled.jpeg	no	in stock	new	GB:::3.95 GBP
PS-00164	English Cocker Spaniel Custom Print – Personalised Word Art Design	Personalised Stuff	https://personalisedstuff.co.uk/product/english-cocker-spaniel-gift-print/	9.99 GBP	"An English Cocker Spaniel word art print built from your dog’s own name and warmth — not a generic breed portrait.


Digital download from £9.99, or framed up to £30.99. Free preview before you buy."	https://personalisedstuff.co.uk/wp-content/uploads/2018/03/wa220_ENGLISH-COCKER-SPANIEL_d3-scaled.jpeg	no	in stock	new	GB:::3.95 GBP
PS-00163	Customised Doberman Pinscher Print – Personalised Word Art Gift	Personalised Stuff	https://personalisedstuff.co.uk/product/doberman-pinscher-personalised-print/	9.99 GBP	"A Doberman Pinscher word art print built from your dog’s own name and presence — not a generic breed portrait.


Digital download from £9.99, or framed up to £30.99. Free preview before you buy."	https://personalisedstuff.co.uk/wp-content/uploads/2018/03/wa219_Doberman-Pinscher_d3-scaled.jpeg	no	in stock	new	GB:::3.95 GBP
PS-00162	Personalised Dandie Dinmont Terrier Wall Art – Custom Made With Your Words	Personalised Stuff	https://personalisedstuff.co.uk/product/dandie-dinmont-terrier-personalised-print/	9.99 GBP	"A Dandie Dinmont Terrier word art print built from your dog’s own name and character — not a generic breed portrait.


Digital download from £9.99, or framed up to £30.99. Free preview before you buy."	https://personalisedstuff.co.uk/wp-content/uploads/2018/03/wa218_DANDIE-DINMONT-TERRIER_d1-scaled.jpeg	no	in stock	new	GB:::3.95 GBP
PS-00161	Customised Dalmatian Gift – Personalised Word Art Print	Personalised Stuff	https://personalisedstuff.co.uk/product/dalmatian-personalised-print/	9.99 GBP	"A Dalmatian word art print built from your dog’s own name and energy — not a generic breed portrait.


Digital download from £9.99, or framed up to £30.99. Free preview before you buy."	https://personalisedstuff.co.uk/wp-content/uploads/2018/03/wa217_DALMATIAN_d2-scaled.jpeg	no	in stock	new	GB:::3.95 GBP
PS-00160	Personalised Miniature Dachshund Name Print – Custom Word Art	Personalised Stuff	https://personalisedstuff.co.uk/product/miniature-dachshund-personalised-print/	9.99 GBP	"A Miniature Dachshund word art print built from your dog’s own name and attitude — not a generic breed portrait.


Digital download from £9.99, or framed up to £30.99. Free preview before you buy."	https://personalisedstuff.co.uk/wp-content/uploads/2018/03/wa216_Dachshund-Miniature_d1-scaled.jpeg	no	in stock	new	GB:::3.95 GBP
PS-00159	Personalised Curly-coated Retriever Word Art Gift – Made For You	Personalised Stuff	https://personalisedstuff.co.uk/product/curly-coated-retriever-personalised-print/	9.99 GBP	"A Curly-Coated Retriever word art print built from your dog’s own name and personality — not a generic breed portrait.


Digital download from £9.99, or framed up to £30.99. Free preview before you buy."	https://personalisedstuff.co.uk/wp-content/uploads/2018/03/wa214_CURLY-COATED-RETRIEVER_d1-scaled.jpeg	no	in stock	new	GB:::3.95 GBP
PS-00158	Custom Collie Print, Personalised With Your Words	Personalised Stuff	https://personalisedstuff.co.uk/product/collie-personalised-print/	9.99 GBP	"A Collie word art print built from your dog’s own name and character — not a generic breed portrait.


Digital download from £9.99, or framed up to £30.99. Free preview before you buy."	https://personalisedstuff.co.uk/wp-content/uploads/2018/03/wa213_COLLIE_d3-scaled.jpeg	no	in stock	new	GB:::3.95 GBP
PS-00157	Clumber Spaniel Personalised Word Art – Custom Made Print	Personalised Stuff	https://personalisedstuff.co.uk/product/clumber-spaniel-personalised-print/	9.99 GBP	"A Clumber Spaniel word art print built from your dog’s own name and character — not a generic breed portrait.


Digital download from £9.99, or framed up to £30.99. Free preview before you buy."	https://personalisedstuff.co.uk/wp-content/uploads/2018/03/Clumber-Spaniel-Brown.jpeg	no	in stock	new	GB:::3.95 GBP
PS-00156	Personalised Chow Chow Gift – Add Your Names & Words	Personalised Stuff	https://personalisedstuff.co.uk/product/chow-chow-personalised-print/	9.99 GBP	"A Chow Chow word art print built from your dog’s own name and lion-like mane — not a generic breed portrait.


Digital download from £9.99, or framed up to £30.99. Free preview before you buy."	https://personalisedstuff.co.uk/wp-content/uploads/2018/03/wa211_CHOW-CHOW_d2-scaled.jpeg	no	in stock	new	GB:::3.95 GBP
PS-00155	Custom Chinese Shar-pei Word Art – Personalised With Your Own Words	Personalised Stuff	https://personalisedstuff.co.uk/product/chinese-shar-pei-personalised-print/	9.99 GBP	"A Chinese Shar-Pei word art print built from your dog’s own name and wrinkled charm — not a generic breed portrait.


Digital download from £9.99, or framed up to £30.99. Free preview before you buy."	https://personalisedstuff.co.uk/wp-content/uploads/2018/03/wa210_CHINESE-SHAR-PEI_d1-scaled.jpeg	no	in stock	new	GB:::3.95 GBP
PS-00154	Personalised Chinese Crested Dog Print – Custom Word Art Gift	Personalised Stuff	https://personalisedstuff.co.uk/product/chinese-crested-dog-personalised-print/	9.99 GBP	"A Chinese Crested word art print built from your dog’s own name and unmistakable look — not a generic breed portrait.


Digital download from £9.99, or framed up to £30.99. Free preview before you buy."	https://personalisedstuff.co.uk/wp-content/uploads/2018/03/wa209_CHINESE-CRESTED-DOG_d3-scaled.jpeg	no	in stock	new	GB:::3.95 GBP
PS-00153	Personalised Chihuahua Word Art – Customised With Your Words	Personalised Stuff	https://personalisedstuff.co.uk/product/chihuahua-personalised-gift-print/	9.99 GBP	"A Chihuahua word art print built from your dog’s own name and attitude — not a generic breed portrait.


Digital download from £9.99, or framed up to £30.99. Free preview before you buy."	https://personalisedstuff.co.uk/wp-content/uploads/2018/03/wa208_CHIHUAHUA_d2-scaled.jpeg	no	in stock	new	GB:::3.95 GBP
PS-00152	Customised Chesapeake Bay Retriever Print – Personalised Word Art Gift	Personalised Stuff	https://personalisedstuff.co.uk/product/chesapeake-bay-retriever-personalised-print/	9.99 GBP	"A Chesapeake Bay Retriever word art print built from your dog’s own name and drive — not a generic breed portrait.


Digital download from £9.99, or framed up to £30.99. Free preview before you buy."	https://personalisedstuff.co.uk/wp-content/uploads/2018/03/wa207_CHESAPEAKE-BAY-RETRIEVER_d1-scaled.jpeg	no	in stock	new	GB:::3.95 GBP
PS-00151	Custom Cavalier King Charles Spaniel Print, Personalised With Your Words	Personalised Stuff	https://personalisedstuff.co.uk/product/cavalier-king-charles-gift-print/	9.99 GBP	"A Cavalier King Charles Spaniel word art print built from your dog’s own name and warmth — not a generic breed portrait.


Digital download from £9.99, or framed up to £30.99. Free preview before you buy."	https://personalisedstuff.co.uk/wp-content/uploads/2018/03/wa206_CAVALIER-KING-CHARLES-SPANIEL_d2-scaled.jpeg	no	in stock	new	GB:::3.95 GBP
PS-00150	Customised Cardigan Welsh Corgi Gift – Personalised Word Art Print	Personalised Stuff	https://personalisedstuff.co.uk/product/cardigan-welsh-corgi-personalised-print/	9.99 GBP	"A Cardigan Welsh Corgi word art print built from your dog’s own name and personality — not a generic breed portrait.


Digital download from £9.99, or framed up to £30.99. Free preview before you buy."	https://personalisedstuff.co.uk/wp-content/uploads/2018/03/wa205_CARDIGAN-WELSH-CORGI_d2-scaled.jpeg	no	in stock	new	GB:::3.95 GBP
PS-00149	Personalised Canaan Dog Name Print – Custom Word Art	Personalised Stuff	https://personalisedstuff.co.uk/product/canaan-dog-personalised-print/	9.99 GBP	"A Canaan Dog word art print built from your dog’s own name and character — not a generic breed portrait.


Digital download from £9.99, or framed up to £30.99. Free preview before you buy."	https://personalisedstuff.co.uk/wp-content/uploads/2018/03/wa204_Canaan-Dog_d2-scaled.jpeg	no	in stock	new	GB:::3.95 GBP
PS-00148	Cairn Terrier Custom Print – Personalised Word Art Design	Personalised Stuff	https://personalisedstuff.co.uk/product/cairn-terrier-personalised-print/	9.99 GBP	"A Cairn Terrier word art print built from your dog’s own name and character — not a generic breed portrait.


Digital download from £9.99, or framed up to £30.99. Free preview before you buy."	https://personalisedstuff.co.uk/wp-content/uploads/2018/03/wa203_CAIRN-TERRIER_d1-scaled.jpeg	no	in stock	new	GB:::3.95 GBP
PS-00147	Personalised Bullmastiff Word Art Gift – Made For You	Personalised Stuff	https://personalisedstuff.co.uk/product/bullmastiff-personalised-print/	9.99 GBP	"A Bullmastiff word art print built from your dog’s own name and presence — not a generic breed portrait.


Digital download from £9.99, or framed up to £30.99. Free preview before you buy."	https://personalisedstuff.co.uk/wp-content/uploads/2018/03/wa202_BULLMASTIFF_d3-scaled.jpeg	no	in stock	new	GB:::3.95 GBP
PS-00146	Custom Bulldog Print, Personalised With Your Words	Personalised Stuff	https://personalisedstuff.co.uk/product/bulldog-personalised-gift-print/	9.99 GBP	"A Bulldog word art print built from your dog’s own name and comic timing — not a generic breed portrait.


Digital download from £9.99, or framed up to £30.99. Free preview before you buy."	https://personalisedstuff.co.uk/wp-content/uploads/2018/03/wa201_BULLDOG_d1-scaled.jpeg	no	in stock	new	GB:::3.95 GBP
PS-00145	Bull Terrier Personalised Word Art – Custom Made Print	Personalised Stuff	https://personalisedstuff.co.uk/product/bull-terrier-personalised-print/	9.99 GBP	"A Bull Terrier word art print built from your dog’s own name and personality — not a generic breed portrait.


Digital download from £9.99, or framed up to £30.99. Free preview before you buy."	https://personalisedstuff.co.uk/wp-content/uploads/2018/03/wa200_Bull-Terrier_d3-scaled.jpeg	no	in stock	new	GB:::3.95 GBP
PS-00144	Personalised Brussels Griffon Gift – Add Your Names & Words	Personalised Stuff	https://personalisedstuff.co.uk/product/brussels-griffon-personalised-print/	9.99 GBP	"A Brussels Griffon word art print built from your dog’s own name and comic character — not a generic breed portrait.


Digital download from £9.99, or framed up to £30.99. Free preview before you buy."	https://personalisedstuff.co.uk/wp-content/uploads/2018/03/wa199_BRUSSELS-GRIFFON_d3-scaled.jpeg	no	in stock	new	GB:::3.95 GBP
PS-00143	Custom Brittany Dog Word Art – Personalised With Your Own Words	Personalised Stuff	https://personalisedstuff.co.uk/product/brittany-dog-personalised-print/	9.99 GBP	"A Brittany word art print built from your dog’s own name and energy — not a generic breed portrait.


Digital download from £9.99, or framed up to £30.99. Free preview before you buy."	https://personalisedstuff.co.uk/wp-content/uploads/2018/03/wa198_Brittany_d1-scaled.jpeg	no	in stock	new	GB:::3.95 GBP
PS-00142	Personalised Briard Print – Custom Word Art Gift	Personalised Stuff	https://personalisedstuff.co.uk/product/briard-personalised-print/	9.99 GBP	"A Briard word art print built from your dog’s own name and character — not a generic breed portrait.


Digital download from £9.99, or framed up to £30.99. Free preview before you buy."	https://personalisedstuff.co.uk/wp-content/uploads/2018/03/wa197_Briard_d2-scaled.jpeg	no	in stock	new	GB:::3.95 GBP
PS-00141	Boxer Dog Custom Print – Personalised Word Art Design	Personalised Stuff	https://personalisedstuff.co.uk/product/boxer-dog-personalised-gift-print/	9.99 GBP	"A Boxer word art print built from your dog’s own name and energy — not a generic breed portrait.


Digital download from £9.99, or framed up to £30.99. Free preview before you buy."	https://personalisedstuff.co.uk/wp-content/uploads/2018/01/wa196_boxer-dog_d1-scaled.jpeg	no	in stock	new	GB:::3.95 GBP
PS-00140	Customised Bouvier Des Flandres Print – Personalised Word Art Gift	Personalised Stuff	https://personalisedstuff.co.uk/product/bouvier-des-flandres-personalised-print/	9.99 GBP	"A Bouvier des Flandres word art print built from your dog’s own name and character — not a generic breed portrait.


Digital download from £9.99, or framed up to £30.99. Free preview before you buy."	https://personalisedstuff.co.uk/wp-content/uploads/2018/03/wa195_bouver-des-flandres_d2-scaled.jpeg	no	in stock	new	GB:::3.95 GBP
PS-00139	Personalised Boston Terrier Wall Art – Custom Made With Your Words	Personalised Stuff	https://personalisedstuff.co.uk/product/boston-terrier-personalised-print/	9.99 GBP	"A Boston Terrier word art print built from your dog’s own name and comic timing — not a generic breed portrait.


Digital download from £9.99, or framed up to £30.99. Free preview before you buy."	https://personalisedstuff.co.uk/wp-content/uploads/2018/03/wa194_boston_terrier_d1-scaled.jpeg	no	in stock	new	GB:::3.95 GBP
PS-00138	Customised Borzoi Gift – Personalised Word Art Print	Personalised Stuff	https://personalisedstuff.co.uk/product/borzoi-personalised-print/	9.99 GBP	"A Borzoi word art print built from your dog’s own name and elegance — not a generic breed portrait.


Digital download from £9.99, or framed up to £30.99. Free preview before you buy."	https://personalisedstuff.co.uk/wp-content/uploads/2018/03/wa193_borzoi_d2-scaled.jpeg	no	in stock	new	GB:::3.95 GBP
PS-00137	Personalised Border Terrier Name Print – Custom Word Art	Personalised Stuff	https://personalisedstuff.co.uk/product/border-terrier-personalised-print/	9.99 GBP	"A Border Terrier word art print built from your dog’s own name and character — not a generic breed portrait.


Digital download from £9.99, or framed up to £30.99. Free preview before you buy."	https://personalisedstuff.co.uk/wp-content/uploads/2018/03/wa192_border-terrier_d2-scaled.jpeg	no	in stock	new	GB:::3.95 GBP
PS-00136	Border Collie Custom Print – Personalised Word Art Design	Personalised Stuff	https://personalisedstuff.co.uk/product/border-collie-personalised-print/	9.99 GBP	"A Border Collie word art print built from your dog’s own name and drive — not a generic breed portrait.


Digital download from £9.99, or framed up to £30.99. Free preview before you buy."	https://personalisedstuff.co.uk/wp-content/uploads/2018/03/wa191_border_collie_d2-scaled.jpeg	no	in stock	new	GB:::3.95 GBP
PS-00135	Personalised Bloodhound Word Art Gift – Made For You	Personalised Stuff	https://personalisedstuff.co.uk/product/bloodhound-personalised-print/	9.99 GBP	"A Bloodhound word art print built from your dog’s own name and character — not a generic breed portrait.


Digital download from £9.99, or framed up to £30.99. Free preview before you buy."	https://personalisedstuff.co.uk/wp-content/uploads/2018/03/wa190_bloodhound_d3-scaled.jpeg	no	in stock	new	GB:::3.95 GBP
PS-00134	Custom Coonhound Print, Personalised With Your Words	Personalised Stuff	https://personalisedstuff.co.uk/product/coonhound-personalised-print/	9.99 GBP	"A Coonhound word art print built from your dog’s own name and voice — not a generic breed portrait.


Digital download from £9.99, or framed up to £30.99. Free preview before you buy."	https://personalisedstuff.co.uk/wp-content/uploads/2018/03/wa189_black-and-tan-conhound_d2-scaled.jpeg	no	in stock	new	GB:::3.95 GBP
PS-00133	Bichon Frise Personalised Word Art – Custom Made Print	Personalised Stuff	https://personalisedstuff.co.uk/product/bichon-frise-personalised-print/	9.99 GBP	"A Bichon Frise word art print built from your dog’s own name and fluffy charm — not a generic breed portrait.


Digital download from £9.99, or framed up to £30.99. Free preview before you buy."	https://personalisedstuff.co.uk/wp-content/uploads/2018/03/wa188_bichon_frise_d2-scaled.jpeg	no	in stock	new	GB:::3.95 GBP
PS-00132	Personalised Bernese Mountain Dog Gift – Add Your Names & Words	Personalised Stuff	https://personalisedstuff.co.uk/product/bernese-mountain-dog-personalised-print/	9.99 GBP	"A Bernese Mountain Dog word art print built from your dog’s own name and character — not a generic breed portrait.


Digital download from £9.99, or framed up to £30.99. Free preview before you buy."	https://personalisedstuff.co.uk/wp-content/uploads/2018/03/wa187_bermese_mountain_d1-scaled.jpeg	no	in stock	new	GB:::3.95 GBP
PS-00131	Custom Belgian Tervuren Word Art – Personalised With Your Own Words	Personalised Stuff	https://personalisedstuff.co.uk/product/belgian-tervuren-personalised-print/	9.99 GBP	"A Belgian Tervuren word art print built from your dog’s own name and elegance — not a generic breed portrait.


Digital download from £9.99, or framed up to £30.99. Free preview before you buy."	https://personalisedstuff.co.uk/wp-content/uploads/2018/03/wa186_belgian_tervuren_d2-scaled.jpeg	no	in stock	new	GB:::3.95 GBP
PS-00130	Personalised Belgian Sheepdog Print – Custom Word Art Gift	Personalised Stuff	https://personalisedstuff.co.uk/product/belgian-sheepdog-personalised-print/	9.99 GBP	"A Belgian Sheepdog word art print built from your dog’s own name and character — not a generic breed portrait.


Digital download from £9.99, or framed up to £30.99. Free preview before you buy."	https://personalisedstuff.co.uk/wp-content/uploads/2018/03/wa185_belgian_sheepdog_d2-scaled.jpg	no	in stock	new	GB:::3.95 GBP
PS-00129	Personalised Belgian Malinois Word Art – Customised With Your Words	Personalised Stuff	https://personalisedstuff.co.uk/product/belgian-malinois-personalised-print/	9.99 GBP	"A Belgian Malinois word art print built from your dog’s own name and drive — not a generic breed portrait.


Digital download from £9.99, or framed up to £30.99. Free preview before you buy."	https://personalisedstuff.co.uk/wp-content/uploads/2018/03/wa184_belgian-malinois_d3-scaled.jpg	no	in stock	new	GB:::3.95 GBP
PS-00128	Customised Bedlington Terrier Print – Personalised Word Art Gift	Personalised Stuff	https://personalisedstuff.co.uk/product/bedlington-terrier-personalised-print/	9.99 GBP	"A Bedlington Terrier word art print built from your dog’s own name and personality — not a generic breed portrait.


Digital download from £9.99, or framed up to £30.99. Free preview before you buy."	https://personalisedstuff.co.uk/wp-content/uploads/2018/03/wa183_bedlington_terrier_d2-scaled.jpg	no	in stock	new	GB:::3.95 GBP
PS-00127	Personalised Bearded Collie Wall Art – Custom Made With Your Words	Personalised Stuff	https://personalisedstuff.co.uk/product/bearded-collie-personalised-print/	9.99 GBP	"A Bearded Collie word art print built from your dog’s own name and character — not a generic breed portrait.


Digital download from £9.99, or framed up to £30.99. Free preview before you buy."	https://personalisedstuff.co.uk/wp-content/uploads/2018/03/wa182_bearded-collie_d2-scaled.jpg	no	in stock	new	GB:::3.95 GBP
PS-00126	Customised Beagle Gift – Personalised Word Art Print	Personalised Stuff	https://personalisedstuff.co.uk/product/beagle-personalised-print/	9.99 GBP	"A Beagle word art print built from your dog’s own name and nose — not a generic breed portrait.


Digital download from £9.99, or framed up to £30.99. Free preview before you buy."	https://personalisedstuff.co.uk/wp-content/uploads/2018/03/wa181_beagle_d1-scaled.jpg	no	in stock	new	GB:::3.95 GBP
PS-00125	Personalised Basset Hound Name Print – Custom Word Art	Personalised Stuff	https://personalisedstuff.co.uk/product/basset-hound-personalised-print/	9.99 GBP	"A Basset Hound word art print built from your dog’s own name and character — not a generic breed portrait.


Digital download from £9.99, or framed up to £30.99. Free preview before you buy."	https://personalisedstuff.co.uk/wp-content/uploads/2018/03/wa180_basset-hound_d1-scaled.jpg	no	in stock	new	GB:::3.95 GBP
PS-00124	Australian Shepherd Custom Print – Personalised Word Art Design	Personalised Stuff	https://personalisedstuff.co.uk/product/australian-shepherd-personalised-print/	9.99 GBP	"An Australian Shepherd word art print built from your dog’s own name and drive — not a generic breed portrait.


Digital download from £9.99, or framed up to £30.99. Free preview before you buy."	https://personalisedstuff.co.uk/wp-content/uploads/2018/03/wa179_australian_shephered_d3-scaled.jpg	no	in stock	new	GB:::3.95 GBP
PS-00123	Personalised Australian Terrier Word Art Gift – Made For You	Personalised Stuff	https://personalisedstuff.co.uk/product/australian-terrier-personalised-print/	9.99 GBP	"An Australian Terrier word art print built from your dog’s own name and character — not a generic breed portrait.


Digital download from £9.99, or framed up to £30.99. Free preview before you buy."	https://personalisedstuff.co.uk/wp-content/uploads/2018/03/Australian-Terrier-Brown.jpeg	no	in stock	new	GB:::3.95 GBP
PS-00122	Custom Basenji Print, Personalised With Your Words	Personalised Stuff	https://personalisedstuff.co.uk/product/basenji-personalised-print/	9.99 GBP	"A Basenji word art print built from your dog’s own name and personality — not a generic breed portrait.


Digital download from £9.99, or framed up to £30.99. Free preview before you buy."	https://personalisedstuff.co.uk/wp-content/uploads/2018/03/wa177_basenji_d2-scaled.jpeg	no	in stock	new	GB:::3.95 GBP
PS-00121	Anatolian Shepherd Personalised Word Art – Custom Made Print	Personalised Stuff	https://personalisedstuff.co.uk/product/anatolian-shepherd-personalised-print/	9.99 GBP	"An Anatolian Shepherd word art print built from your dog’s own name and character — not a generic breed portrait.


Digital download from £9.99, or framed up to £30.99. Free preview before you buy."	https://personalisedstuff.co.uk/wp-content/uploads/2018/03/wa176_anatolian_shephered_d3-scaled.jpeg	no	in stock	new	GB:::3.95 GBP
PS-00120	Personalised Australian Cattle Dog Gift – Add Your Names & Words	Personalised Stuff	https://personalisedstuff.co.uk/product/australian-cattle-dog-personalised-print/	9.99 GBP	"An Australian Cattle Dog word art print built from your dog’s own name and drive — not a generic breed portrait.


Digital download from £9.99, or framed up to £30.99. Free preview before you buy."	https://personalisedstuff.co.uk/wp-content/uploads/2018/03/wa175_australian_cattle_d2-scaled.jpeg	no	in stock	new	GB:::3.95 GBP
PS-00119	Custom American Water Spaniel Word Art – Personalised With Your Own Words	Personalised Stuff	https://personalisedstuff.co.uk/product/american-water-spaniel-personalised-print/	9.99 GBP	"An American Water Spaniel word art print built from your dog’s own name and personality — not a generic breed portrait.


Digital download from £9.99, or framed up to £30.99. Free preview before you buy."	https://personalisedstuff.co.uk/wp-content/uploads/2018/03/wa174_american-water_spaniel_d2-scaled.jpeg	no	in stock	new	GB:::3.95 GBP
PS-00118	Personalised American Staffordshire Terrier Print – Custom Word Art Gift	Personalised Stuff	https://personalisedstuff.co.uk/product/american-staffordshire-terrier-personalised-print/	9.99 GBP	"An American Staffordshire Terrier word art print built from your dog’s own name and character — not a generic breed portrait.


Digital download from £9.99, or framed up to £30.99. Free preview before you buy."	https://personalisedstuff.co.uk/wp-content/uploads/2018/03/American-Staffordshire-Terrier-Brown.jpeg	no	in stock	new	GB:::3.95 GBP
PS-00117	Personalised American Foxhound Word Art – Customised With Your Words	Personalised Stuff	https://personalisedstuff.co.uk/product/american-foxhound-personalised-print/	9.99 GBP	"An American Foxhound word art print built from your dog’s own name and energy — not a generic breed portrait.


Digital download from £9.99, or framed up to £30.99. Free preview before you buy."	https://personalisedstuff.co.uk/wp-content/uploads/2018/03/wa172_american_foxhound_d2-scaled.jpeg	no	in stock	new	GB:::3.95 GBP
PS-00116	Customised American Eskimo Dog Print – Personalised Word Art Gift	Personalised Stuff	https://personalisedstuff.co.uk/product/american-eskimo-dog-personalised-print/	9.99 GBP	"An American Eskimo Dog word art print built from your dog’s own name and character — not a generic breed portrait.


Digital download from £9.99, or framed up to £30.99. Free preview before you buy."	https://personalisedstuff.co.uk/wp-content/uploads/2018/03/wa171_american_eskimo_d3-scaled.jpeg	no	in stock	new	GB:::3.95 GBP
PS-00115	Personalised American Cocker Spaniel Wall Art – Custom Made With Your Words	Personalised Stuff	https://personalisedstuff.co.uk/product/american-cocker-spaniel-personalised-print/	9.99 GBP	"An American Cocker Spaniel word art print built from your dog’s own name and personality — not a generic breed portrait.


Digital download from £9.99, or framed up to £30.99. Free preview before you buy."	https://personalisedstuff.co.uk/wp-content/uploads/2018/03/wa170_american-cocker-spaniel_d1-scaled.jpeg	no	in stock	new	GB:::3.95 GBP
PS-00114	Customised Alaskan Malamute Gift – Personalised Word Art Print	Personalised Stuff	https://personalisedstuff.co.uk/product/alaskan-malamute-personalised-print/	9.99 GBP	"An Alaskan Malamute word art print built from your dog’s own name and character — not a generic breed portrait.


Digital download from £9.99, or framed up to £30.99. Free preview before you buy."	https://personalisedstuff.co.uk/wp-content/uploads/2018/03/wa169_alaskan_malamute_d3-scaled.jpeg	no	in stock	new	GB:::3.95 GBP
PS-00113	Personalised Akita Name Print – Custom Word Art	Personalised Stuff	https://personalisedstuff.co.uk/product/akita-personalised-print/	9.99 GBP	"An Akita word art print built from your dog’s own name and presence — not a generic breed portrait.


Digital download from £9.99, or framed up to £30.99. Free preview before you buy."	https://personalisedstuff.co.uk/wp-content/uploads/2018/03/dog1.jpg	no	in stock	new	GB:::3.95 GBP
PS-00112	Airedale Terrier Custom Print – Personalised Word Art Design	Personalised Stuff	https://personalisedstuff.co.uk/product/airedale-terrier-personalised-print/	9.99 GBP	"An Airedale Terrier word art print built from your dog’s own name and character — not a generic breed portrait.


Digital download from £9.99, or framed up to £30.99. Free preview before you buy."	https://personalisedstuff.co.uk/wp-content/uploads/2018/03/air2.jpg	no	in stock	new	GB:::3.95 GBP
PS-00111	Personalised Afghan Word Art Gift – Made For You	Personalised Stuff	https://personalisedstuff.co.uk/product/afghan-hound-personalised-print/	9.99 GBP	"An Afghan Hound word art print built from your dog’s own name and elegance — not a generic breed portrait.


Digital download from £9.99, or framed up to £30.99. Free preview before you buy."	https://personalisedstuff.co.uk/wp-content/uploads/2018/03/Afghan-Hound.jpeg	no	in stock	new	GB:::3.95 GBP
PS-00110	Personalised Thistle Gift – Add Your Names & Words	Personalised Stuff	https://personalisedstuff.co.uk/product/scottish-thistle-personalised-print/	9.99 GBP	"A Thistle word art print shaped around a Scottish thistle, built from your own words.


Digital download from £9.99, or framed up to £30.99. Free preview before you buy."	https://personalisedstuff.co.uk/wp-content/uploads/2018/03/wa163_thistle_blue.jpg	no	in stock	new	GB:::3.95 GBP
PS-00109	Customised Campervan Gift – Personalised Word Art Print	Personalised Stuff	https://personalisedstuff.co.uk/product/campervan-gift-personalised-print/	9.99 GBP	"A Campervan word art print (alternative design) shaped around a campervan, built from your own words.


Digital download from £9.99, or framed up to £30.99. Free preview before you buy."	https://personalisedstuff.co.uk/wp-content/uploads/2018/03/van1.jpg	no	in stock	new	GB:::3.95 GBP
PS-00108	Personalised Anchor Print – Custom Word Art Gift	Personalised Stuff	https://personalisedstuff.co.uk/product/anchor-personalised-print/	9.99 GBP	"An Anchor word art print shaped around an anchor, built from your own words.


Digital download from £9.99, or framed up to £30.99. Free preview before you buy."	https://personalisedstuff.co.uk/wp-content/uploads/2018/03/wa161_anchor_blue.jpg	no	in stock	new	GB:::3.95 GBP
PS-00107	Personalised Skydiving Word Art – Customised With Your Words	Personalised Stuff	https://personalisedstuff.co.uk/product/skydiver-personalised-print/	9.99 GBP	"A Skydiving word art print shaped around a skydiver in freefall, built from your own words.


Digital download from £9.99, or framed up to £30.99. Free preview before you buy."	https://personalisedstuff.co.uk/wp-content/uploads/2018/03/wa160_skydiving_blue.jpg	no	in stock	new	GB:::3.95 GBP
PS-00106	Customised Golf 50th Birthday Gift – Personalised Word Art Print	Personalised Stuff	https://personalisedstuff.co.uk/product/golfer-50th-birthday-print/	9.99 GBP	"A Golfer 50th Birthday word art print shaped around a golfer mid-swing, built from your own words.


Digital download from £9.99, or framed up to £30.99. Free preview before you buy."	https://personalisedstuff.co.uk/wp-content/uploads/2018/03/50golf3.jpg	no	in stock	new	GB:::3.95 GBP
PS-00105	Personalised Golf 40th Birthday Name Print – Custom Word Art	Personalised Stuff	https://personalisedstuff.co.uk/product/golfer-40th-birthday-print/	9.99 GBP	"A Golfer 40th Birthday word art print shaped around a golfer mid-swing, built from your own words.


Digital download from £9.99, or framed up to £30.99. Free preview before you buy."	https://personalisedstuff.co.uk/wp-content/uploads/2018/03/wa156_golf_40th_multi-1.jpg	no	in stock	new	GB:::3.95 GBP
PS-00104	Custom Bike 70th Print, Personalised With Your Words	Personalised Stuff	https://personalisedstuff.co.uk/product/cyclist-70th-birthday-print/	9.99 GBP	"A Cyclist 70th Birthday word art print shaped around a cyclist mid-ride, built from your own words.


Digital download from £9.99, or framed up to £30.99. Free preview before you buy."	https://personalisedstuff.co.uk/wp-content/uploads/2018/03/wa153_bike_70th_blue.jpg	no	in stock	new	GB:::3.95 GBP
PS-00103	Cycling 50th Birthday Personalised Word Art – Custom Made Print	Personalised Stuff	https://personalisedstuff.co.uk/product/cyclist-50th-birthday-print/	9.99 GBP	"A Cyclist 50th Birthday word art print shaped around a cyclist mid-ride, built from your own words.


Digital download from £9.99, or framed up to £30.99. Free preview before you buy."	https://personalisedstuff.co.uk/wp-content/uploads/2018/03/bike1.jpg	no	in stock	new	GB:::3.95 GBP
PS-00102	Personalised Cycling 60th Birthday Gift – Add Your Names & Words	Personalised Stuff	https://personalisedstuff.co.uk/product/cyclist-60th-birthday-print/	9.99 GBP	"A Cyclist 60th Birthday word art print shaped around a cyclist mid-ride, built from your own words.


Digital download from £9.99, or framed up to £30.99. Free preview before you buy."	https://personalisedstuff.co.uk/wp-content/uploads/2018/03/wa151_bike_60th_multi.jpg	no	in stock	new	GB:::3.95 GBP
PS-00101	Custom Bike 40th Word Art – Personalised With Your Own Words	Personalised Stuff	https://personalisedstuff.co.uk/product/cyclist-40th-birthday-print/	9.99 GBP	"A Cyclist 40th Birthday word art print shaped around a cyclist mid-ride, built from your own words.


Digital download from £9.99, or framed up to £30.99. Free preview before you buy."	https://personalisedstuff.co.uk/wp-content/uploads/2018/03/wa150_bike_40th_multi.jpg	no	in stock	new	GB:::3.95 GBP
PS-00100	Personalised Bike 30th Name Print – Custom Word Art	Personalised Stuff	https://personalisedstuff.co.uk/product/cyclist-30th-birthday-gift-print/	9.99 GBP	"A Cyclist 30th Birthday word art print (alternative design) built from your own words.


Digital download from £9.99, or framed up to £30.99. Free preview before you buy."	https://personalisedstuff.co.uk/wp-content/uploads/2017/11/wa149_bike_30th_blue.jpg	no	in stock	new	GB:::3.95 GBP
PS-00099	Personalised Bike 20th Word Art – Customised With Your Words	Personalised Stuff	https://personalisedstuff.co.uk/product/cyclist-20th-birthday-print/	9.99 GBP	"A Cyclist 20th Birthday word art print shaped around a cyclist mid-ride, built from your own words.


Digital download from £9.99, or framed up to £30.99. Free preview before you buy."	https://personalisedstuff.co.uk/wp-content/uploads/2018/03/wa148_bike_20th_blue.jpg	no	in stock	new	GB:::3.95 GBP
PS-00098	Customised Trumpet Print – Personalised Word Art Gift	Personalised Stuff	https://personalisedstuff.co.uk/product/trumpet-personalised-print/	9.99 GBP	"A Trumpet word art print shaped around a trumpet, built from your own words.


Digital download from £9.99, or framed up to £30.99. Free preview before you buy."	https://personalisedstuff.co.uk/wp-content/uploads/2018/03/trump1.jpg	no	in stock	new	GB:::3.95 GBP
PS-00097	Personalised Taurus Wall Art – Custom Made With Your Words	Personalised Stuff	https://personalisedstuff.co.uk/product/taurus-personalised-print/	9.99 GBP	"A Taurus word art print shaped around the bull symbol, built from your own words.


Digital download from £9.99, or framed up to £30.99. Free preview before you buy."	https://personalisedstuff.co.uk/wp-content/uploads/2018/03/wa146_taurus_multi.jpg	no	in stock	new	GB:::3.95 GBP
PS-00096	Customised Surfer Gift – Personalised Word Art Print	Personalised Stuff	https://personalisedstuff.co.uk/product/surfer-personalised-print/	9.99 GBP	"A Surfer word art print shaped around a surfer riding a wave, built from your own words.


Digital download from £9.99, or framed up to £30.99. Free preview before you buy."	https://personalisedstuff.co.uk/wp-content/uploads/2018/03/wa145_surfer_blue.jpg	no	in stock	new	GB:::3.95 GBP
PS-00095	Personalised Scorpio Name Print – Custom Word Art	Personalised Stuff	https://personalisedstuff.co.uk/product/scorpio-personalised-print/	9.99 GBP	"A Scorpio word art print shaped around the scorpion symbol, built from your own words.


Digital download from £9.99, or framed up to £30.99. Free preview before you buy."	https://personalisedstuff.co.uk/wp-content/uploads/2018/03/wa144_scorpio_multi.jpg	no	in stock	new	GB:::3.95 GBP
PS-00094	Sagittarius Custom Print – Personalised Word Art Design	Personalised Stuff	https://personalisedstuff.co.uk/product/sagittarius-personalised-print/	9.99 GBP	"A Sagittarius word art print shaped around the archer symbol, built from your own words.


Digital download from £9.99, or framed up to £30.99. Free preview before you buy."	https://personalisedstuff.co.uk/wp-content/uploads/2018/03/wa143_sagitarius_blue.jpg	no	in stock	new	GB:::3.95 GBP
PS-00093	Personalised Rabbit Print – Custom Word Art Gift	Personalised Stuff	https://personalisedstuff.co.uk/product/rabbit-gift-print/	9.99 GBP	"A Rabbit word art print (alternative design) shaped around a rabbit, built from your own words.


Digital download from £9.99, or framed up to £30.99. Free preview before you buy."	https://personalisedstuff.co.uk/wp-content/uploads/2018/03/wa142_rabbit_multi.jpg	no	in stock	new	GB:::3.95 GBP
PS-00092	Personalised Polar Bear Word Art – Customised With Your Words	Personalised Stuff	https://personalisedstuff.co.uk/product/polar-bear-gift-print/	9.99 GBP	"A Polar Bear word art print (alternative design) shaped around a polar bear, built from your own words.


Digital download from £9.99, or framed up to £30.99. Free preview before you buy."	https://personalisedstuff.co.uk/wp-content/uploads/2017/11/polar2.jpg	no	in stock	new	GB:::3.95 GBP
PS-00091	Red Lips Personalised Word Art – Custom Made Print	Personalised Stuff	https://personalisedstuff.co.uk/product/red-lips-personalised-print/	9.99 GBP	"A Red Lips word art print shaped around a pair of lips, built from your own words.


Digital download from £9.99, or framed up to £30.99. Free preview before you buy."	https://personalisedstuff.co.uk/wp-content/uploads/2018/03/wa140_red-lips_red.jpg	no	in stock	new	GB:::3.95 GBP
PS-00090	Personalised Libra Gift – Add Your Names & Words	Personalised Stuff	https://personalisedstuff.co.uk/product/libra-personalised-print/	9.99 GBP	"A Libra word art print shaped around the scales symbol, built from your own words.


Digital download from £9.99, or framed up to £30.99. Free preview before you buy."	https://personalisedstuff.co.uk/wp-content/uploads/2018/03/wa139_libra_multi.jpg	no	in stock	new	GB:::3.95 GBP
PS-00089	Custom Basketball Word Art – Personalised With Your Own Words	Personalised Stuff	https://personalisedstuff.co.uk/product/basketball-player-personalised-print/	9.99 GBP	"A Basketball word art print shaped around a player mid-jump, built from your own words.


Digital download from £9.99, or framed up to £30.99. Free preview before you buy."	https://personalisedstuff.co.uk/wp-content/uploads/2018/03/wa138_basketball_blue.jpg	no	in stock	new	GB:::3.95 GBP
PS-00088	Cricket Custom Print – Personalised Word Art Design	Personalised Stuff	https://personalisedstuff.co.uk/product/cricketer-personalised-print/	9.99 GBP	"A Cricket word art print shaped around a bowler mid-delivery, built from your own words.


Digital download from £9.99, or framed up to £30.99. Free preview before you buy."	https://personalisedstuff.co.uk/wp-content/uploads/2018/03/wa136_cricket_blue.jpg	no	in stock	new	GB:::3.95 GBP
PS-00087	Customised Fisherman 70th Birthday Print – Personalised Word Art Gift	Personalised Stuff	https://personalisedstuff.co.uk/product/fisherman-70th-birthday-print/	9.99 GBP	"A Fisherman 70th Birthday word art print shaped around an angler mid-cast, built from your own words.


Digital download from £9.99, or framed up to £30.99. Free preview before you buy."	https://personalisedstuff.co.uk/wp-content/uploads/2018/03/wa135_fisherman_70th_blue.jpg	no	in stock	new	GB:::3.95 GBP
PS-00086	Custom Ice Hockey Print, Personalised With Your Words	Personalised Stuff	https://personalisedstuff.co.uk/product/ice-hockey-player-personalised-print/	9.99 GBP	"An Ice Hockey word art print shaped around a player mid-shot, built from your own words.


Digital download from £9.99, or framed up to £30.99. Free preview before you buy."	https://personalisedstuff.co.uk/wp-content/uploads/2018/03/wa134_ice-hockey_blue.jpg	no	in stock	new	GB:::3.95 GBP
PS-00085	Customised Kayak Gift – Personalised Word Art Print	Personalised Stuff	https://personalisedstuff.co.uk/product/kayaker-personalised-print/	9.99 GBP	"A Kayak word art print shaped around a kayaker mid-paddle, built from your own words.


Digital download from £9.99, or framed up to £30.99. Free preview before you buy."	https://personalisedstuff.co.uk/wp-content/uploads/2018/03/wa133_kayak_blue.jpg	no	in stock	new	GB:::3.95 GBP
PS-00084	Personalised Ireland Name Print – Custom Word Art	Personalised Stuff	https://personalisedstuff.co.uk/product/ireland-map-personalised-print/	9.99 GBP	"An Ireland word art print shaped around the country’s outline, built from your own words.


Digital download from £9.99, or framed up to £30.99. Free preview before you buy."	https://personalisedstuff.co.uk/wp-content/uploads/2018/03/ireland1.jpg	no	in stock	new	GB:::3.95 GBP
PS-00083	Badminton Custom Print – Personalised Word Art Design	Personalised Stuff	https://personalisedstuff.co.uk/product/badminton-player-personalised-print/	9.99 GBP	"A Badminton word art print shaped around a player mid-smash, built from your own words.


Digital download from £9.99, or framed up to £30.99. Free preview before you buy."	https://personalisedstuff.co.uk/wp-content/uploads/2018/03/wa131_badminton_blue.jpg	no	in stock	new	GB:::3.95 GBP
PS-00082	Personalised Aries Word Art Gift – Made For You	Personalised Stuff	https://personalisedstuff.co.uk/product/aries-personalised-print/	9.99 GBP	"An Aries word art print shaped around the ram symbol, built from your own words.


Digital download from £9.99, or framed up to £30.99. Free preview before you buy."	https://personalisedstuff.co.uk/wp-content/uploads/2018/03/wa130_aries_multi.jpg	no	in stock	new	GB:::3.95 GBP
PS-00081	Custom Lion Print, Personalised With Your Words	Personalised Stuff	https://personalisedstuff.co.uk/product/lion-personalised-print/	9.99 GBP	"A Lion word art print shaped around a lion, built from your own words.


Digital download from £9.99, or framed up to £30.99. Free preview before you buy."	https://personalisedstuff.co.uk/wp-content/uploads/2018/03/wa129_lion_multi.jpg	no	in stock	new	GB:::3.95 GBP
PS-00080	Dancer Personalised Word Art – Custom Made Print	Personalised Stuff	https://personalisedstuff.co.uk/product/dancer-personalised-print/	9.99 GBP	"A Dancer word art print shaped around a dancer mid-pose, built from your own words.


Digital download from £9.99, or framed up to £30.99. Free preview before you buy."	https://personalisedstuff.co.uk/wp-content/uploads/2018/03/dan1.jpg	no	in stock	new	GB:::3.95 GBP
PS-00079	Personalised Capricorn Gift – Add Your Names & Words	Personalised Stuff	https://personalisedstuff.co.uk/product/capricorn-personalised-print/	9.99 GBP	"A Capricorn word art print shaped around the sea-goat symbol, built from your own words.


Digital download from £9.99, or framed up to £30.99. Free preview before you buy."	https://personalisedstuff.co.uk/wp-content/uploads/2018/03/Capricorn.jpeg	no	in stock	new	GB:::3.95 GBP
PS-00078	Custom Butterfly Word Art – Personalised With Your Own Words	Personalised Stuff	https://personalisedstuff.co.uk/product/butterfly-personalised-print/	9.99 GBP	"A Butterfly word art print shaped around a butterfly, built from your own words.


Digital download from £9.99, or framed up to £30.99. Free preview before you buy."	https://personalisedstuff.co.uk/wp-content/uploads/2018/03/but2.jpg	no	in stock	new	GB:::3.95 GBP
PS-00077	Personalised Elephant Print – Custom Word Art Gift	Personalised Stuff	https://personalisedstuff.co.uk/product/elephant-personalised-print/	9.99 GBP	"An Elephant word art print shaped around an elephant, built from your own words.


Digital download from £9.99, or framed up to £30.99. Free preview before you buy."	https://personalisedstuff.co.uk/wp-content/uploads/2018/03/wa125_elephant_multi.jpg	no	in stock	new	GB:::3.95 GBP
PS-00076	Personalised Fairy Word Art – Customised With Your Words	Personalised Stuff	https://personalisedstuff.co.uk/product/fairy-personalised-print/	9.99 GBP	"A Fairy word art print shaped around a fairy silhouette, built from your own words.


Digital download from £9.99, or framed up to £30.99. Free preview before you buy."	https://personalisedstuff.co.uk/wp-content/uploads/2018/03/wa124_fairy_pinks_reds.jpg	no	in stock	new	GB:::3.95 GBP
PS-00075	Personalised Moped Wall Art – Custom Made With Your Words	Personalised Stuff	https://personalisedstuff.co.uk/product/moped-personalised-print/	9.99 GBP	"A Moped word art print shaped around a moped, built from your own words.


Digital download from £9.99, or framed up to £30.99. Free preview before you buy."	https://personalisedstuff.co.uk/wp-content/uploads/2018/03/wa122_moped_blue.jpg	no	in stock	new	GB:::3.95 GBP
PS-00074	Customised Netball Gift – Personalised Word Art Print	Personalised Stuff	https://personalisedstuff.co.uk/product/netball-player-personalised-print/	9.99 GBP	"A Netball word art print shaped around a player mid-shot, built from your own words.


Digital download from £9.99, or framed up to £30.99. Free preview before you buy."	https://personalisedstuff.co.uk/wp-content/uploads/2018/03/net1.jpg	no	in stock	new	GB:::3.95 GBP
PS-00073	Personalised Rugby Name Print – Custom Word Art	Personalised Stuff	https://personalisedstuff.co.uk/product/rugby-player-personalised-print/	9.99 GBP	"A Rugby word art print shaped around a player mid-tackle, built from your own words.


Digital download from £9.99, or framed up to £30.99. Free preview before you buy."	https://personalisedstuff.co.uk/wp-content/uploads/2018/03/wa120_rugby_blue.jpg	no	in stock	new	GB:::3.95 GBP
PS-00072	Wolf Custom Print – Personalised Word Art Design	Personalised Stuff	https://personalisedstuff.co.uk/product/wolf-personalised-print/	9.99 GBP	"A Wolf word art print shaped around a wolf, built from your own words.


Digital download from £9.99, or framed up to £30.99. Free preview before you buy."	https://personalisedstuff.co.uk/wp-content/uploads/2018/03/wa119_wolf_multi.jpg	no	in stock	new	GB:::3.95 GBP
PS-00071	Personalised Apple Word Art Gift – Made For You	Personalised Stuff	https://personalisedstuff.co.uk/product/apple-personalised-print/	9.99 GBP	"An Apple word art print shaped around an apple, built from your own words.


Digital download from £9.99, or framed up to £30.99. Free preview before you buy."	https://personalisedstuff.co.uk/wp-content/uploads/2018/03/wa118_apple_red.jpg	no	in stock	new	GB:::3.95 GBP
PS-00070	Custom Aquarius Print, Personalised With Your Words	Personalised Stuff	https://personalisedstuff.co.uk/product/aquarius-personalised-print/	9.99 GBP	"An Aquarius word art print shaped around the water-bearer symbol, built from your own words.


Digital download from £9.99, or framed up to £30.99. Free preview before you buy."	https://personalisedstuff.co.uk/wp-content/uploads/2018/03/wa117_aquarius_multi.jpg	no	in stock	new	GB:::3.95 GBP
PS-00069	Celtic Cross Personalised Word Art – Custom Made Print	Personalised Stuff	https://personalisedstuff.co.uk/product/celtic-cross-personalised-print/	9.99 GBP	"A Celtic Cross word art print shaped around a Celtic cross, built from your own words.


Digital download from £9.99, or framed up to £30.99. Free preview before you buy."	https://personalisedstuff.co.uk/wp-content/uploads/2018/03/wa116_celtic-cross_green.jpg	no	in stock	new	GB:::3.95 GBP
PS-00068	Personalised Chess Gift – Add Your Names & Words	Personalised Stuff	https://personalisedstuff.co.uk/product/chess-piece-personalised-print/	9.99 GBP	"A Chess word art print shaped around a chess king, built from your own words.


Digital download from £9.99, or framed up to £30.99. Free preview before you buy."	https://personalisedstuff.co.uk/wp-content/uploads/2018/03/wa115_chess_blue.jpg	no	in stock	new	GB:::3.95 GBP
PS-00067	Customised Climber Gift – Personalised Word Art Print	Personalised Stuff	https://personalisedstuff.co.uk/product/mountain-climber-personalised-print/	9.99 GBP	"A Climber word art print shaped around a climber on a mountain face, built from your own words.


Digital download from £9.99, or framed up to £30.99. Free preview before you buy."	https://personalisedstuff.co.uk/wp-content/uploads/2017/11/climb2.jpg	no	in stock	new	GB:::3.95 GBP
PS-00066	Personalised Football Word Art – Customised With Your Words	Personalised Stuff	https://personalisedstuff.co.uk/product/footballer-personalised-print/	9.99 GBP	"A Football word art print shaped around a player mid-kick, built from your own words.


Digital download from £9.99, or framed up to £30.99. Free preview before you buy."	https://personalisedstuff.co.uk/wp-content/uploads/2018/03/football4.jpg	no	in stock	new	GB:::3.95 GBP
PS-00065	Personalised Electric Guitar Word Art Gift – Made For You	Personalised Stuff	https://personalisedstuff.co.uk/product/electric-guitar-gift-personalised-print/	9.99 GBP	"An Electric Guitar word art print (alternative design) shaped around an electric guitar, built from your own words.


Digital download from £9.99, or framed up to £30.99. Free preview before you buy."	https://personalisedstuff.co.uk/wp-content/uploads/2018/03/wa111_electric-guitar_orange-1-scaled.jpg	no	in stock	new	GB:::3.95 GBP
PS-00064	Personalised Horse Shoe Wall Art – Custom Made With Your Words	Personalised Stuff	https://personalisedstuff.co.uk/product/horse-shoe-personalised-print/	9.99 GBP	"A Horse Shoe word art print shaped around a horseshoe, built from your own words.


Digital download from £9.99, or framed up to £30.99. Free preview before you buy."	https://personalisedstuff.co.uk/wp-content/uploads/2018/03/wa110_horse-shoe_pinks_reds.jpg	no	in stock	new	GB:::3.95 GBP
PS-00063	Personalised New Zealand Name Print – Custom Word Art	Personalised Stuff	https://personalisedstuff.co.uk/product/new-zealand-map-personalised-print/	9.99 GBP	"A New Zealand word art print shaped around the country’s outline, built from your own words.


Digital download from £9.99, or framed up to £30.99. Free preview before you buy."	https://personalisedstuff.co.uk/wp-content/uploads/2018/03/wa108_new-zealand_multi.jpg	no	in stock	new	GB:::3.95 GBP
PS-00062	Piper Custom Print – Personalised Word Art Design	Personalised Stuff	https://personalisedstuff.co.uk/product/bagpiper-personalised-print/	9.99 GBP	"A Piper word art print shaped around a bagpiper, built from your own words.


Digital download from £9.99, or framed up to £30.99. Free preview before you buy."	https://personalisedstuff.co.uk/wp-content/uploads/2018/03/wa107_piper_multi.jpg	no	in stock	new	GB:::3.95 GBP
PS-00061	Personalised Portugal Word Art Gift – Made For You	Personalised Stuff	https://personalisedstuff.co.uk/product/portugal-map-personalised-print/	9.99 GBP	"A Portugal word art print shaped around the country’s outline, built from your own words.


Digital download from £9.99, or framed up to £30.99. Free preview before you buy."	https://personalisedstuff.co.uk/wp-content/uploads/2018/03/wa106_portugal_orange.jpg	no	in stock	new	GB:::3.95 GBP
PS-00060	Custom Saxophone Print, Personalised With Your Words	Personalised Stuff	https://personalisedstuff.co.uk/product/saxophone-personalised-print/	9.99 GBP	"A Saxophone word art print shaped around a saxophone, built from your own words.


Digital download from £9.99, or framed up to £30.99. Free preview before you buy."	https://personalisedstuff.co.uk/wp-content/uploads/2018/03/wa105_unique-Saxophone_blue-scaled.jpg	no	in stock	new	GB:::3.95 GBP
PS-00058	Personalised Wedding Gift – Add Your Names & Words	Personalised Stuff	https://personalisedstuff.co.uk/product/wedding-day-personalised-print/	9.99 GBP	"A Wedding word art print shaped around a heart, built from your own words.


Digital download from £9.99, or framed up to £30.99. Free preview before you buy."	https://personalisedstuff.co.uk/wp-content/uploads/2018/03/wedding_orange.jpg	no	in stock	new	GB:::3.95 GBP
PS-00057	Customised Australia Gift – Personalised Word Art Print	Personalised Stuff	https://personalisedstuff.co.uk/product/australia-map-gift-personalised-print/	9.99 GBP	"An Australia word art print (alternative design) shaped around the country’s outline, built from your own words.


Digital download from £9.99, or framed up to £30.99. Free preview before you buy."	https://personalisedstuff.co.uk/wp-content/uploads/2018/04/Australia_map_orange.jpg	no	in stock	new	GB:::3.95 GBP
PS-00056	Personalised 50th Wedding Anniversary Word Art Gift – Made For You	Personalised Stuff	https://personalisedstuff.co.uk/product/wedding-anniversary-50th-print/	9.99 GBP	"A 50th Wedding Anniversary word art print shaped around a heart, built from your own words.


Digital download from £9.99, or framed up to £30.99. Free preview before you buy."	https://personalisedstuff.co.uk/wp-content/uploads/2018/03/wa659_unique-golf50th_multi-scaled.jpg	no	in stock	new	GB:::3.95 GBP
PS-00055	40th Anniversary Personalised Word Art – Custom Made Print	Personalised Stuff	https://personalisedstuff.co.uk/product/wedding-anniversary-40th-print/	9.99 GBP	"A 40th Anniversary word art print shaped around a heart, built from your own words.


Digital download from £9.99, or framed up to £30.99. Free preview before you buy."	https://personalisedstuff.co.uk/wp-content/uploads/2018/03/wa364_40th-anniversary_multi-scaled.jpg	no	in stock	new	GB:::3.95 GBP
PS-00054	Personalised 30th Anniversary Word Art Gift – Made For You	Personalised Stuff	https://personalisedstuff.co.uk/product/wedding-anniversary-30th-print/	9.99 GBP	"A 30th Anniversary word art print shaped around a heart, built from your own words.


Digital download from £9.99, or framed up to £30.99. Free preview before you buy."	https://personalisedstuff.co.uk/wp-content/uploads/2018/03/wa354_30th-anniversary_white-scaled.jpg	no	in stock	new	GB:::3.95 GBP
PS-00053	Personalised 21st Anniversary Word Art – Customised With Your Words	Personalised Stuff	https://personalisedstuff.co.uk/product/wedding-anniversary-21st-print/	9.99 GBP	"A 21st Anniversary word art print shaped around a heart, built from your own words.


Digital download from £9.99, or framed up to £30.99. Free preview before you buy."	https://personalisedstuff.co.uk/wp-content/uploads/2018/03/21st-anniversary_PINK-scaled.jpg	no	in stock	new	GB:::3.95 GBP
PS-00052	Personalised Windsurfing Print – Custom Word Art Gift	Personalised Stuff	https://personalisedstuff.co.uk/product/windsurfer-personalised-print/	9.99 GBP	"A Windsurfing word art print shaped around a windsurfer mid-manoeuvre, built from your own words.


Digital download from £9.99, or framed up to £30.99. Free preview before you buy."	https://personalisedstuff.co.uk/wp-content/uploads/2018/03/wa324_windsurfing_blue-scaled.jpg	no	in stock	new	GB:::3.95 GBP
PS-00051	Horse Riding Custom Print – Personalised Word Art Design	Personalised Stuff	https://personalisedstuff.co.uk/product/horse-rider-personalised-print/	9.99 GBP	"A Horse Riding word art print shaped around a horse and rider, built from your own words.


Digital download from £9.99, or framed up to £30.99. Free preview before you buy."	https://personalisedstuff.co.uk/wp-content/uploads/2018/03/horse2.jpg	no	in stock	new	GB:::3.95 GBP
PS-00050	Eiffel Tower Custom Print – Personalised Word Art Design	Personalised Stuff	https://personalisedstuff.co.uk/product/eiffel-tower-personalised-print/	9.99 GBP	"An Eiffel Tower word art print shaped around the Eiffel Tower, built from your own words.


Digital download from £9.99, or framed up to £30.99. Free preview before you buy."	https://personalisedstuff.co.uk/wp-content/uploads/2018/03/Effel-tower.jpg	no	in stock	new	GB:::3.95 GBP
PS-00049	Cat Custom Print – Personalised Word Art Design	Personalised Stuff	https://personalisedstuff.co.uk/product/cat-personalised-print/	9.99 GBP	"A Cat word art print shaped around a cat, built from your own words.


Digital download from £9.99, or framed up to £30.99. Free preview before you buy."	https://personalisedstuff.co.uk/wp-content/uploads/2018/03/Cat.jpg	no	in stock	new	GB:::3.95 GBP
PS-00048	Personalised Owl Print – Custom Word Art Gift	Personalised Stuff	https://personalisedstuff.co.uk/product/owl-personalised-print/	9.99 GBP	"An Owl word art print shaped around an owl, built from your own words.


Digital download from £9.99, or framed up to £30.99. Free preview before you buy."	https://personalisedstuff.co.uk/wp-content/uploads/2018/03/Owl.jpg	no	in stock	new	GB:::3.95 GBP
PS-00047	Graduation Custom Print – Personalised Word Art Design	Personalised Stuff	https://personalisedstuff.co.uk/product/graduation-cap-personalised-print/	9.99 GBP	"A Graduation word art print shaped around a graduation cap, built from your own words.


Digital download from £9.99, or framed up to £30.99. Free preview before you buy."	https://personalisedstuff.co.uk/wp-content/uploads/2018/03/grad3.jpg	no	in stock	new	GB:::3.95 GBP
PS-00046	Personalised Hunting Word Art Gift – Made For You	Personalised Stuff	https://personalisedstuff.co.uk/product/hunter-personalised-print/	9.99 GBP	"A Hunting word art print shaped around a hunter and dog, built from your own words.


Digital download from £9.99, or framed up to £30.99. Free preview before you buy."	https://personalisedstuff.co.uk/wp-content/uploads/2018/03/Hunting.jpg	no	in stock	new	GB:::3.95 GBP
PS-00045	Customised Motocross Print – Personalised Word Art Gift	Personalised Stuff	https://personalisedstuff.co.uk/product/motocross-personalised-print/	9.99 GBP	"A Motocross word art print shaped around a rider mid-jump, built from your own words.


Digital download from £9.99, or framed up to £30.99. Free preview before you buy."	https://personalisedstuff.co.uk/wp-content/uploads/2018/03/Motocross.jpg	no	in stock	new	GB:::3.95 GBP
PS-00044	Custom Archer Word Art – Personalised With Your Own Words	Personalised Stuff	https://personalisedstuff.co.uk/product/archer-personalised-print/	9.99 GBP	"An Archer word art print shaped around an archer at full draw, built from your own words.


Digital download from £9.99, or framed up to £30.99. Free preview before you buy."	https://personalisedstuff.co.uk/wp-content/uploads/2018/03/wa312_archer_multi-scaled.jpg	no	in stock	new	GB:::3.95 GBP
PS-00043	Personalised Dolphin Name Print – Custom Word Art	Personalised Stuff	https://personalisedstuff.co.uk/product/dolphin-personalised-print/	9.99 GBP	"A Dolphin word art print shaped around a dolphin, built from your own words.


Digital download from £9.99, or framed up to £30.99. Free preview before you buy."	https://personalisedstuff.co.uk/wp-content/uploads/2018/03/wa311_dolpin_multi-scaled.jpg	no	in stock	new	GB:::3.95 GBP
PS-00042	Personalised Violin Word Art – Customised With Your Words	Personalised Stuff	https://personalisedstuff.co.uk/product/violin-personalised-print/	9.99 GBP	"A Violin word art print shaped around a violin, built from your own words.


Digital download from £9.99, or framed up to £30.99. Free preview before you buy."	https://personalisedstuff.co.uk/wp-content/uploads/2018/03/wa306_VIOLIN_blue-scaled.jpg	no	in stock	new	GB:::3.95 GBP
PS-00041	Customised Shetland Sheepdog Print – Personalised Word Art Gift	Personalised Stuff	https://personalisedstuff.co.uk/product/shetland-sheepdog-personalised-print/	9.99 GBP	"A Shetland Sheepdog word art print built from your dog’s own name and devotion — not a generic breed portrait.


Digital download from £9.99, or framed up to £30.99. Free preview before you buy."	https://personalisedstuff.co.uk/wp-content/uploads/2018/03/Shetland-Sheepdog-Brown.jpg	no	in stock	new	GB:::3.95 GBP
PS-00040	Personalised Sealyham Terrier Gift – Add Your Names & Words	Personalised Stuff	https://personalisedstuff.co.uk/product/sealyham-terrier-personalised-print/	9.99 GBP	"A Sealyham Terrier word art print built from your dog’s own name and personality — not a generic breed portrait.


Digital download from £9.99, or framed up to £30.99. Free preview before you buy."	https://personalisedstuff.co.uk/wp-content/uploads/2018/03/wa303_Sealyham-Terrier_d2-scaled.jpg	no	in stock	new	GB:::3.95 GBP
PS-00039	Customised Scottish Terrier Gift – Personalised Word Art Print	Personalised Stuff	https://personalisedstuff.co.uk/product/scottish-terrier-personalised-print/	9.99 GBP	"A Scottish Terrier word art print built from your dog’s own name and attitude — not a generic breed portrait.


Digital download from £9.99, or framed up to £30.99. Free preview before you buy."	https://personalisedstuff.co.uk/wp-content/uploads/2018/03/wa302_SCOTTISH-TERRIER_d2-scaled.jpg	no	in stock	new	GB:::3.95 GBP
PS-00038	Custom Rhodesian Ridgeback Word Art – Personalised With Your Own Words	Personalised Stuff	https://personalisedstuff.co.uk/product/rhodesian-ridgeback-personalised-print/	9.99 GBP	"A Rhodesian Ridgeback word art print built from your dog’s own name and character — not a generic breed portrait.


Digital download from £9.99, or framed up to £30.99. Free preview before you buy."	https://personalisedstuff.co.uk/wp-content/uploads/2018/03/wa295_RHODESIAN-RIDGEBACK_d2-scaled.jpg	no	in stock	new	GB:::3.95 GBP
PS-00037	Personalised Pug Print – Custom Word Art Gift	Personalised Stuff	https://personalisedstuff.co.uk/product/pug-personalised-print/	9.99 GBP	"A Pug word art print built from your dog’s own name and comic timing — not a generic breed portrait.


Digital download from £9.99, or framed up to £30.99. Free preview before you buy."	https://personalisedstuff.co.uk/wp-content/uploads/2018/03/wa283_PUG_d2-scaled.jpg	no	in stock	new	GB:::3.95 GBP
PS-00036	Personalised Pointer Print – Custom Word Art Gift	Personalised Stuff	https://personalisedstuff.co.uk/product/pointer-personalised-print/	9.99 GBP	"A Pointer word art print built from your dog’s own name and drive — not a generic breed portrait.


Digital download from £9.99, or framed up to £30.99. Free preview before you buy."	https://personalisedstuff.co.uk/wp-content/uploads/2018/03/Pointer-Brown-RW.jpg	no	in stock	new	GB:::3.95 GBP
PS-00035	Customised Miniature Pinscher Print – Personalised Word Art Gift	Personalised Stuff	https://personalisedstuff.co.uk/product/miniature-pinscher-personalised-print/	9.99 GBP	"A Miniature Pinscher word art print built from your dog’s own name and fearless attitude — not a generic breed portrait.


Digital download from £9.99, or framed up to £30.99. Free preview before you buy."	https://personalisedstuff.co.uk/wp-content/uploads/2018/03/Miniature-Pinscher-Brown.jpg	no	in stock	new	GB:::3.95 GBP
PS-00034	Custom Manchester Terrier Toy Print, Personalised With Your Words	Personalised Stuff	https://personalisedstuff.co.uk/product/manchester-terrier-toy-personalised-print/	9.99 GBP	"A Toy Manchester Terrier word art print built from your dog’s own name and character — not a generic breed portrait.


Digital download from £9.99, or framed up to £30.99. Free preview before you buy."	https://personalisedstuff.co.uk/wp-content/uploads/2018/03/wa271_MANCHESTER-TERRIER-TOY_d2-scaled.jpg	no	in stock	new	GB:::3.95 GBP
PS-00033	Labrador Retriever Personalised Word Art – Custom Made Print	Personalised Stuff	https://personalisedstuff.co.uk/product/labrador-retriever-personalised-print/	9.99 GBP	"A Labrador Retriever word art print built from your dog’s own name and personality — not a generic breed portrait.


Digital download from £9.99, or framed up to £30.99. Free preview before you buy."	https://personalisedstuff.co.uk/wp-content/uploads/2018/02/wa265_LABRADOR-RETRIEVER_d2-scaled.jpg	no	in stock	new	GB:::3.95 GBP
PS-00032	Custom Cyclist Word Art – Personalised With Your Own Words	Personalised Stuff	https://personalisedstuff.co.uk/product/road-cyclist-personalised-print/	9.99 GBP	"A Cyclist word art print shaped around a cyclist mid-ride, built from your own words.


Digital download from £9.99, or framed up to £30.99. Free preview before you buy."	https://personalisedstuff.co.uk/wp-content/uploads/2018/02/wa264_bike_20th_orange-scaled.jpg	no	in stock	new	GB:::3.95 GBP
PS-00031	Customised Mum and Baby Gift – Personalised Word Art Print	Personalised Stuff	https://personalisedstuff.co.uk/product/mum-and-baby-personalised-print/	9.99 GBP	"A Mum and Baby word art print shaped around a mother and baby, built from your own words.


Digital download from £9.99, or framed up to £30.99. Free preview before you buy."	https://personalisedstuff.co.uk/wp-content/uploads/2018/03/wa262_mum_and_baby-scaled.jpg	no	in stock	new	GB:::3.95 GBP
PS-00030	Personalised Mum & Daughter Name Print – Custom Word Art	Personalised Stuff	https://personalisedstuff.co.uk/product/mum-and-daughter-personalised-print/	9.99 GBP	"A Mum & Daughter word art print shaped around a mother and daughter, built from your own words.


Digital download from £9.99, or framed up to £30.99. Free preview before you buy."	https://personalisedstuff.co.uk/wp-content/uploads/2018/03/wa258_mum_and_daughter_multi-scaled.jpg	no	in stock	new	GB:::3.95 GBP
PS-00029	Wine Lover Custom Print – Personalised Word Art Design	Personalised Stuff	https://personalisedstuff.co.uk/product/wine-glass-personalised-print/	9.99 GBP	"A Wine Lover word art print shaped around a wine glass, built from your own words.


Digital download from £9.99, or framed up to £30.99. Free preview before you buy."	https://personalisedstuff.co.uk/wp-content/uploads/2018/02/bottle.jpg	no	in stock	new	GB:::3.95 GBP
PS-00028	Customised Champagne Print – Personalised Word Art Gift	Personalised Stuff	https://personalisedstuff.co.uk/product/champagne-glass-personalised-print/	9.99 GBP	"A Champagne word art print shaped around a glass and bottle, built from your own words.


Digital download from £9.99, or framed up to £30.99. Free preview before you buy."	https://personalisedstuff.co.uk/wp-content/uploads/2018/02/champ3.jpg	no	in stock	new	GB:::3.95 GBP
PS-00027	Personalised Mum Word Art – Customised With Your Words	Personalised Stuff	https://personalisedstuff.co.uk/product/mum-personalised-print/	9.99 GBP	"A Mum word art print shaped around the word “Mum”, built from your own words.


Digital download from £9.99, or framed up to £30.99. Free preview before you buy."	https://personalisedstuff.co.uk/wp-content/uploads/2018/02/wa255_mum_multi-scaled.jpg	no	in stock	new	GB:::3.95 GBP
PS-00026	Custom Love Heart Word Art – Personalised With Your Own Words	Personalised Stuff	https://personalisedstuff.co.uk/product/love-heart-personalised-print/	9.99 GBP	"A Love Heart word art print shaped around a heart, built from your own words.


Digital download from £9.99, or framed up to £30.99. Free preview before you buy."	https://personalisedstuff.co.uk/wp-content/uploads/2018/02/heartnew.webp	no	in stock	new	GB:::3.95 GBP
PS-00025	Customised Manchester Terrier Print – Personalised Word Art Gift	Personalised Stuff	https://personalisedstuff.co.uk/product/manchester-terrier-personalised-print/	9.99 GBP	"A Manchester Terrier word art print built from your dog’s own name and character — not a generic breed portrait.


Digital download from £9.99, or framed up to £30.99. Free preview before you buy."	https://personalisedstuff.co.uk/wp-content/uploads/2018/03/Manchester-Terrier-Standard.jpg	no	in stock	new	GB:::3.95 GBP
PS-00024	Custom Irish Terrier Word Art – Personalised With Your Own Words	Personalised Stuff	https://personalisedstuff.co.uk/product/irish-terrier-personalised-print/	9.99 GBP	"An Irish Terrier word art print built from your dog’s own name and personality — not a generic breed portrait.


Digital download from £9.99, or framed up to £30.99. Free preview before you buy."	https://personalisedstuff.co.uk/wp-content/uploads/2018/01/Irish-Terrier-Brown.jpg	no	in stock	new	GB:::3.95 GBP
PS-00023	Custom Irish Setter Word Art – Personalised With Your Own Words	Personalised Stuff	https://personalisedstuff.co.uk/product/irish-setter-personalised-print/	9.99 GBP	"An Irish Setter word art print built from your dog’s own name and character — not a generic breed portrait.


Digital download from £9.99, or framed up to £30.99. Free preview before you buy."	https://personalisedstuff.co.uk/wp-content/uploads/2018/01/wa242_IRISH-SETTER_d3-scaled.jpeg	no	in stock	new	GB:::3.95 GBP
PS-00022	Custom Great Dane Print, Personalised With Your Words	Personalised Stuff	https://personalisedstuff.co.uk/product/great-dane-personalised-print/	9.99 GBP	"A Great Dane word art print built from your dog’s own name and personality — not a generic breed portrait.


Digital download from £9.99, or framed up to £30.99. Free preview before you buy."	https://personalisedstuff.co.uk/wp-content/uploads/2018/03/wa235_GREAT-DANE_d2-scaled.jpeg	no	in stock	new	GB:::3.95 GBP
PS-00021	Personalised Giant Schnauzer Word Art Gift – Made For You	Personalised Stuff	https://personalisedstuff.co.uk/product/giant-schnauzer-personalised-print/	9.99 GBP	"A Giant Schnauzer word art print built from your dog’s own name and character — not a generic breed portrait.


Digital download from £9.99, or framed up to £30.99. Free preview before you buy."	https://personalisedstuff.co.uk/wp-content/uploads/2018/03/wa232_GIANT-SCHNAUZER_d2-scaled.jpeg	no	in stock	new	GB:::3.95 GBP
PS-00020	Shorthaired Pointer Personalised Word Art – Custom Made Print	Personalised Stuff	https://personalisedstuff.co.uk/product/shorthaired-pointer-personalised-print/	9.99 GBP	"A German Shorthaired Pointer word art print built from your dog’s own name and energy — not a generic breed portrait.


Digital download from £9.99, or framed up to £30.99. Free preview before you buy."	https://personalisedstuff.co.uk/wp-content/uploads/2018/03/wa230_GERMAN-SHORTHAIRED-POINTER_d1-scaled.jpeg	no	in stock	new	GB:::3.95 GBP
PS-00019	Personalised German Shepherd Dog Gift – Add Your Names & Words	Personalised Stuff	https://personalisedstuff.co.uk/product/german-shepherd-personalised-print/	9.99 GBP	"A German Shepherd word art print built from your dog’s own name and character — not a generic breed portrait.


Digital download from £9.99, or framed up to £30.99. Free preview before you buy."	https://personalisedstuff.co.uk/wp-content/uploads/2018/01/German-Shepherd-Dog-Brown.jpg	no	in stock	new	GB:::3.95 GBP
PS-00018	Customised English Foxhound Gift – Personalised Word Art Print	Personalised Stuff	https://personalisedstuff.co.uk/product/english-foxhound-personalised-print/	9.99 GBP	"An English Foxhound word art print built from your dog’s own name and character — not a generic breed portrait.


Digital download from £9.99, or framed up to £30.99. Free preview before you buy."	https://personalisedstuff.co.uk/wp-content/uploads/2018/03/wa221_ENGLISH-FOXHOUND_d1-scaled.jpeg	no	in stock	new	GB:::3.95 GBP
PS-00017	Personalised English Cocker Spaniel Name Print – Custom Word Art	Personalised Stuff	https://personalisedstuff.co.uk/product/english-cocker-spaniel-personalised-print/	9.99 GBP	"An English Cocker Spaniel word art print built from your dog’s own name and quirks — not a generic breed portrait.


Digital download from £9.99, or framed up to £30.99. Free preview before you buy."	https://personalisedstuff.co.uk/wp-content/uploads/2018/03/wa220_ENGLISH-COCKER-SPANIEL_d1-scaled.jpeg	no	in stock	new	GB:::3.95 GBP
PS-00016	Customised Cavalier King Charles Spaniel Print – Personalised Word Art Gift	Personalised Stuff	https://personalisedstuff.co.uk/product/cavalier-king-charles-personalised-print/	9.99 GBP	"A Cavalier King Charles Spaniel word art print built from your dog’s own name and personality — not a generic breed portrait.


Digital download from £9.99, or framed up to £30.99. Free preview before you buy."	https://personalisedstuff.co.uk/wp-content/uploads/2018/03/wa206_CAVALIER-KING-CHARLES-SPANIEL_d1-scaled.jpeg	no	in stock	new	GB:::3.95 GBP
PS-00015	Personalised Boxer Dog Gift – Add Your Names & Words	Personalised Stuff	https://personalisedstuff.co.uk/product/boxer-personalised-name-print/	9.99 GBP	"A Boxer-shaped word art print built from your dog’s own name, quirks, and favourite things — not a generic breed portrait.


Digital download from £9.99, or framed up to £30.99. Free preview before you buy."	https://personalisedstuff.co.uk/wp-content/uploads/2018/01/wa196_boxer-dog_d3-scaled.jpeg	no	in stock	new	GB:::3.95 GBP
PS-00014	Personalised Campervan Word Art Gift – Made For You	Personalised Stuff	https://personalisedstuff.co.uk/product/campervan-personalised-print/	9.99 GBP	"A Campervan word art print shaped around a campervan, built from your own words.


Digital download from £9.99, or framed up to £30.99. Free preview before you buy."	https://personalisedstuff.co.uk/wp-content/uploads/2018/03/van1.jpg	no	in stock	new	GB:::3.95 GBP
PS-00013	Personalised Golf 70th Birthday Word Art Gift – Made For You	Personalised Stuff	https://personalisedstuff.co.uk/product/golfer-70th-birthday-print/	9.99 GBP	"A Golfer 70th Birthday word art print shaped around a golfer mid-swing, built from your own words.


Digital download from £9.99, or framed up to £30.99. Free preview before you buy."	https://personalisedstuff.co.uk/wp-content/uploads/2017/11/wa159_golf_70th_multi-1.jpg	no	in stock	new	GB:::3.95 GBP
PS-00012	Custom Golf 60th Birthday Print, Personalised With Your Words	Personalised Stuff	https://personalisedstuff.co.uk/product/golfer-60th-birthday-print/	9.99 GBP	"A Golfer 60th Birthday word art print shaped around a golfer mid-swing, built from your own words.


Digital download from £9.99, or framed up to £30.99. Free preview before you buy."	https://personalisedstuff.co.uk/wp-content/uploads/2022/06/60golf.jpg	no	in stock	new	GB:::3.95 GBP
PS-00011	Personalised Golf 20th Print – Custom Word Art Gift	Personalised Stuff	https://personalisedstuff.co.uk/product/golfer-20th-birthday-print/	9.99 GBP	"A Golfer 20th Birthday word art print shaped around a golfer mid-swing, built from your own words.


Digital download from £9.99, or framed up to £30.99. Free preview before you buy."	https://personalisedstuff.co.uk/wp-content/uploads/2017/11/wa154_golf_20th_blue-1.jpg	no	in stock	new	GB:::3.95 GBP
PS-00010	Personalised Bike 30th Word Art Gift – Made For You	Personalised Stuff	https://personalisedstuff.co.uk/product/cyclist-30th-birthday-print/	9.99 GBP	"A Cyclist 30th Birthday word art print shaped around a cyclist mid-ride, built from your own words.


Digital download from £9.99, or framed up to £30.99. Free preview before you buy."	https://personalisedstuff.co.uk/wp-content/uploads/2017/11/wa149_bike_30th_multi.jpg	no	in stock	new	GB:::3.95 GBP
PS-00009	Personalised Rabbit Word Art Gift – Made For You	Personalised Stuff	https://personalisedstuff.co.uk/product/rabbit-personalised-print/	9.99 GBP	"A Rabbit word art print shaped around a rabbit, built from your own words.


Digital download from £9.99, or framed up to £30.99. Free preview before you buy."	https://personalisedstuff.co.uk/wp-content/uploads/2018/03/wa142_rabbit_blue.jpg	no	in stock	new	GB:::3.95 GBP
PS-00008	Custom Polar Bear Print, Personalised With Your Words	Personalised Stuff	https://personalisedstuff.co.uk/product/polar-bear-personalised-print/	9.99 GBP	"A Polar Bear word art print shaped around a polar bear, built from your own words.


Digital download from £9.99, or framed up to £30.99. Free preview before you buy."	https://personalisedstuff.co.uk/wp-content/uploads/2017/11/polar-c.jpg	no	in stock	new	GB:::3.95 GBP
PS-00007	Personalised Motorbike Word Art Gift – Made For You	Personalised Stuff	https://personalisedstuff.co.uk/product/motorbike-personalised-print/	9.99 GBP	"A Motorbike word art print shaped around a motorbike, built from your own words.


Digital download from £9.99, or framed up to £30.99. Free preview before you buy."	https://personalisedstuff.co.uk/wp-content/uploads/2018/03/bike7.jpg	no	in stock	new	GB:::3.95 GBP
PS-00006	Personalised Cricket Gift – Add Your Names & Words	Personalised Stuff	https://personalisedstuff.co.uk/product/cricket-personalised-print/	9.99 GBP	"A Cricket word art print shaped around a batter mid-shot, built from your own words.


Digital download from £9.99, or framed up to £30.99. Free preview before you buy."	https://personalisedstuff.co.uk/wp-content/uploads/2018/03/wa136_cricket_multi.jpg	no	in stock	new	GB:::3.95 GBP
PS-00005	Ice Hockey Custom Print – Personalised Word Art Design	Personalised Stuff	https://personalisedstuff.co.uk/product/ice-hockey-personalised-print/	9.99 GBP	"An Ice Hockey word art print shaped around a player in full stride, built from your own words.


Digital download from £9.99, or framed up to £30.99. Free preview before you buy."	https://personalisedstuff.co.uk/wp-content/uploads/2017/11/ice-hockey2-c.jpg	no	in stock	new	GB:::3.95 GBP
PS-00004	Climber Custom Print – Personalised Word Art Design	Personalised Stuff	https://personalisedstuff.co.uk/product/rock-climber-personalised-print/	9.99 GBP	"A Climber word art print shaped around a climber mid-ascent, built from your own words.


Digital download from £9.99, or framed up to £30.99. Free preview before you buy."	https://personalisedstuff.co.uk/wp-content/uploads/2017/11/climb2.jpg	no	in stock	new	GB:::3.95 GBP
PS-00002	Custom Electric Guitar Word Art – Personalised With Your Own Words	Personalised Stuff	https://personalisedstuff.co.uk/product/electric-guitar-personalised-print/	9.99 GBP	"An Electric Guitar word art print shaped around an electric guitar, built from your own words.


Digital download from £9.99, or framed up to £30.99. Free preview before you buy."	https://personalisedstuff.co.uk/wp-content/uploads/2017/11/guitar-2-frame.png	no	in stock	new	GB:::3.95 GBP
PS-00001	Custom Australia Word Art – Personalised With Your Own Words	Personalised Stuff	https://personalisedstuff.co.uk/product/australia-map-personalised-print/	9.99 GBP	"An Australia word art print shaped around the country’s outline, built from your own words.


Digital download from £9.99, or framed up to £30.99. Free preview before you buy."	https://personalisedstuff.co.uk/wp-content/uploads/2017/11/Australia_map_orange.png	no	in stock	new	GB:::3.95 GBP